service_id,monday,tuesday,wednesday,thursday,friday,saturday,sunday,start_date,end_date
8,1,1,1,1,1,0,0,20250520,20250818
10,0,0,0,0,1,0,0,20250520,20250818
13,1,1,1,1,1,0,0,20250520,20250818
14,0,0,0,0,0,1,0,20250520,20250818
15,1,1,1,1,1,0,0,20250520,20250818
19,0,0,1,0,0,0,0,20250520,20250818
20,0,0,0,0,0,0,1,20250520,20250818
21,0,0,0,0,0,0,1,20250520,20250818
23,1,0,0,0,0,0,0,20250520,20250818
25,0,0,0,1,0,0,0,20250520,20250818
28,1,1,1,1,1,0,0,20250520,20250818
29,1,1,1,1,1,0,0,20250520,20250818
32,1,1,1,1,1,0,0,20250520,20250818
35,0,0,0,1,0,0,0,20250520,20250818
36,0,0,0,0,1,0,0,20250520,20250818
38,1,1,1,1,0,0,0,20250520,20250818
39,0,1,1,1,1,0,0,20250520,20250818
40,1,1,1,0,1,0,0,20250520,20250818
41,1,0,1,1,1,0,0,20250520,20250818
42,1,1,0,1,1,0,0,20250520,20250818
53,1,1,1,0,0,0,0,20250520,20250818
61,1,0,1,0,1,0,0,20250520,20250818
62,0,1,0,1,0,0,0,20250520,20250818
71,1,0,0,0,0,0,0,20250520,20250818
72,0,1,0,0,0,0,0,20250520,20250818
73,0,0,1,0,0,0,0,20250520,20250818
80,1,0,0,0,1,0,0,20250520,20250818
134,1,0,0,0,0,0,0,20250520,20250818
143,1,1,1,1,0,0,0,20250520,20250818
164,0,0,0,0,0,1,0,20250520,20250818
165,0,0,0,0,0,0,1,20250520,20250818
178,0,1,0,1,0,0,0,20250520,20250818
182,0,1,0,1,0,0,0,20250520,20250818
183,0,0,0,0,0,1,1,20250520,20250818
184,0,0,0,0,0,0,1,20250520,20250818
197,0,0,0,0,1,0,0,20250520,20250818
202,0,0,0,1,0,0,0,20250520,20250818
203,0,1,0,0,1,0,0,20250520,20250818
204,0,1,0,0,0,0,0,20250520,20250818
205,0,0,0,0,0,0,1,20250520,20250818
206,1,0,0,1,0,0,0,20250520,20250818
207,1,1,1,1,1,0,1,20250520,20250818
208,0,0,0,0,0,1,0,20250520,20250818
209,0,0,0,0,1,0,0,20250520,20250818
210,1,1,1,1,1,0,0,20250520,20250818
211,0,0,0,0,0,0,1,20250520,20250818
212,0,0,0,1,0,0,0,20250520,20250818
213,0,1,0,0,0,0,0,20250520,20250818
215,0,0,0,0,0,0,1,20250520,20250818
216,0,0,0,0,0,1,0,20250520,20250818
217,0,0,1,0,1,0,0,20250520,20250818
218,1,0,0,1,0,0,0,20250520,20250818
219,1,1,0,1,0,1,1,20250520,20250818
220,0,1,1,0,1,1,1,20250520,20250818
221,0,0,0,0,0,1,0,20250520,20250818
223,0,0,0,0,0,0,0,20250520,20250818
224,1,0,0,0,1,0,0,20250520,20250818
225,0,0,1,0,0,0,0,20250520,20250818
226,0,0,0,0,1,0,0,20250520,20250818
227,0,0,0,0,0,0,1,20250520,20250818
228,0,0,0,0,0,0,1,20250520,20250818
229,0,1,0,0,0,0,0,20250520,20250818
230,0,0,0,0,0,1,0,20250520,20250818
231,0,0,1,0,0,0,0,20250520,20250818
232,0,0,0,1,0,0,0,20250520,20250818
233,0,0,1,0,0,0,0,20250520,20250818
234,0,0,0,1,0,0,0,20250520,20250818
237,0,0,0,0,1,0,0,20250520,20250818
238,1,0,1,0,0,0,0,20250520,20250818
239,0,0,1,0,1,0,0,20250520,20250818
240,1,0,0,0,0,0,0,20250520,20250818
241,0,1,0,0,1,0,0,20250520,20250818
242,1,0,0,1,0,0,0,20250520,20250818
243,0,1,0,1,0,1,0,20250520,20250818
244,0,1,0,1,0,1,0,20250520,20250818
245,1,0,1,0,1,0,0,20250520,20250818
246,0,0,0,0,0,0,1,20250520,20250818
247,0,0,0,0,0,0,1,20250520,20250818
248,1,0,0,1,0,0,0,20250520,20250818
249,0,1,0,0,1,0,0,20250520,20250818
250,1,1,1,1,1,0,0,20250520,20250818
252,1,1,1,1,1,1,0,20250520,20250818
254,0,0,0,0,0,0,1,20250520,20250818
255,0,0,0,0,0,0,1,20250520,20250818
256,0,0,0,0,1,0,0,20250520,20250818
257,0,0,0,0,1,0,0,20250520,20250818
262,0,0,1,0,1,0,0,20250520,20250818
263,1,0,1,0,1,0,0,20250520,20250818
264,0,1,0,0,0,0,0,20250520,20250818
265,0,0,0,1,0,0,0,20250520,20250818
266,0,1,0,0,0,1,0,20250520,20250818
267,0,1,0,0,0,0,0,20250520,20250818
268,1,0,0,0,0,0,0,20250520,20250818
269,0,0,0,0,0,1,0,20250520,20250818
285,0,0,0,0,1,0,0,20250520,20250818
286,0,0,0,0,1,0,0,20250520,20250818
287,0,0,0,0,0,1,0,20250520,20250818
288,0,0,0,0,0,0,1,20250520,20250818
336,1,1,1,1,1,0,0,20250520,20250818
337,1,1,1,1,1,0,0,20250520,20250818
338,1,0,1,0,1,0,0,20250520,20250818
339,1,0,0,0,0,0,0,20250520,20250818
340,0,0,1,0,0,0,0,20250520,20250818
341,0,0,0,0,1,0,0,20250520,20250818
342,0,1,0,1,0,1,0,20250520,20250818
343,0,1,0,1,0,1,0,20250520,20250818
344,1,0,0,0,0,0,0,20250520,20250818
345,1,0,0,0,0,0,0,20250520,20250818
346,0,0,0,0,1,0,0,20250520,20250818
347,0,0,0,0,1,0,0,20250520,20250818
348,0,0,0,0,0,1,0,20250520,20250818
349,0,0,0,0,0,1,0,20250520,20250818
350,1,0,1,0,1,0,0,20250520,20250818
351,1,0,1,0,1,0,0,20250520,20250818
352,1,1,1,1,1,0,0,20250520,20250818
353,1,1,1,1,1,0,0,20250520,20250818
357,1,1,1,1,1,0,0,20250520,20250818
359,1,1,1,1,1,0,0,20250520,20250818
360,1,1,1,1,1,0,0,20250520,20250818
361,1,1,1,1,1,0,0,20250520,20250818
364,0,0,0,0,1,0,0,20250520,20250818
365,0,0,0,0,1,0,0,20250520,20250818
366,0,0,0,0,1,0,0,20250520,20250818
367,0,0,0,0,1,0,0,20250520,20250818
370,0,0,0,0,0,1,0,20250520,20250818
371,0,0,0,0,0,1,0,20250520,20250818
372,0,0,0,0,0,1,0,20250520,20250818
373,0,0,0,0,0,1,0,20250520,20250818
376,0,0,0,0,0,0,1,20250520,20250818
377,0,0,0,0,0,0,1,20250520,20250818
378,0,0,0,0,0,0,1,20250520,20250818
379,0,0,0,0,0,0,1,20250520,20250818
390,0,0,0,0,0,1,0,20250520,20250818
392,0,0,0,0,0,1,0,20250520,20250818
412,0,0,0,0,0,0,1,20250520,20250818
413,0,0,0,1,0,0,0,20250520,20250818
414,1,0,1,0,1,0,0,20250520,20250818
415,1,0,1,0,1,0,0,20250520,20250818
421,1,1,1,1,1,0,0,20250520,20250818
444,0,1,0,1,0,0,0,20250520,20250818
473,1,1,1,1,1,0,0,20250520,20250818
474,1,1,1,1,1,0,0,20250520,20250818
475,0,0,0,1,0,0,0,20250520,20250818
476,0,0,0,0,1,0,0,20250520,20250818
477,0,0,0,0,0,1,0,20250520,20250818
478,1,1,1,1,1,0,0,20250520,20250818
479,0,0,0,0,0,1,0,20250520,20250818
480,0,0,0,0,1,0,0,20250520,20250818
482,0,0,0,0,0,1,0,20250520,20250818
487,0,0,0,0,0,0,1,20250520,20250818
488,1,1,1,1,1,0,0,20250520,20250818
493,1,1,1,1,1,0,0,20250520,20250818
498,0,0,0,0,0,0,1,20250520,20250818
499,0,0,1,0,0,0,0,20250520,20250818
500,0,1,0,0,0,0,0,20250520,20250818
502,1,1,0,1,1,0,0,20250520,20250818
503,1,0,1,1,1,0,0,20250520,20250818
595,0,0,0,0,0,1,0,20250520,20250818
610,1,1,1,1,1,0,0,20250520,20250818
611,0,0,0,0,1,0,0,20250520,20250818
612,0,0,0,0,0,1,0,20250520,20250818
613,0,0,0,0,0,0,1,20250520,20250818
614,0,0,0,0,0,0,1,20250520,20250818
637,0,0,0,0,0,1,0,20250520,20250818
640,0,0,0,0,0,1,0,20250520,20250818
648,0,0,0,0,0,1,0,20250520,20250818
690,0,0,0,0,0,1,0,20250520,20250818
712,1,1,1,1,1,0,0,20250520,20250818
716,0,1,1,1,0,0,0,20250520,20250818
717,1,0,0,0,0,0,0,20250520,20250818
718,1,0,1,0,0,0,0,20250520,20250818
719,1,0,1,0,1,0,0,20250520,20250818
738,1,1,0,1,0,0,0,20250520,20250818
739,0,0,1,0,1,0,0,20250520,20250818
762,1,1,0,1,0,0,0,20250520,20250818
763,1,1,1,1,1,0,0,20250520,20250818
764,0,0,0,0,1,0,0,20250520,20250818
765,0,0,0,0,0,1,0,20250520,20250818
766,0,0,0,0,0,0,1,20250520,20250818
776,0,0,0,0,0,0,0,20250520,20250818
777,0,0,0,0,0,0,0,20250520,20250818
778,0,0,0,0,0,0,0,20250520,20250818
779,0,0,0,0,0,0,0,20250520,20250818
780,0,0,0,0,0,0,0,20250520,20250818
781,0,0,0,0,0,0,0,20250520,20250818
782,0,0,0,0,0,0,0,20250520,20250818
783,0,0,0,0,0,0,0,20250520,20250818
784,0,0,0,0,0,0,0,20250520,20250818
812,0,0,0,0,0,1,0,20250520,20250818
822,0,0,0,0,0,0,1,20250520,20250818
823,0,0,0,0,0,1,0,20250520,20250818
824,1,1,1,1,1,0,0,20250520,20250818
825,0,0,0,0,1,0,0,20250520,20250818
857,0,0,0,0,0,1,0,20250520,20250818
860,0,0,0,0,0,1,0,20250520,20250818
863,0,0,0,0,0,1,0,20250520,20250818
864,0,0,0,0,0,1,0,20250520,20250818
S109633_32,1,1,1,1,1,0,0,20250520,20250608
S109633_21,0,0,0,0,0,0,1,20250520,20250608
S109633_14,0,0,0,0,0,1,0,20250520,20250608
S114343_32,1,1,1,1,1,0,0,20250609,20250818
S114343_21,0,0,0,0,0,0,1,20250609,20250818
S114343_14,0,0,0,0,0,1,0,20250609,20250818
S114344_15,1,1,1,1,1,0,0,20250609,20250818
S106681_32,1,1,1,1,1,0,0,20250520,20250608
S106681_21,0,0,0,0,0,0,1,20250520,20250608
S106681_14,0,0,0,0,0,1,0,20250520,20250608
S113128_32,1,1,1,1,1,0,0,20250609,20250818
S113128_21,0,0,0,0,0,0,1,20250609,20250818
S113128_14,0,0,0,0,0,1,0,20250609,20250818
S106682_32,1,1,1,1,1,0,0,20250520,20250608
S113129_32,1,1,1,1,1,0,0,20250609,20250818
S106683_32,1,1,1,1,1,0,0,20250520,20250608
S113130_32,1,1,1,1,1,0,0,20250609,20250818
S106684_32,1,1,1,1,1,0,0,20250520,20250608
S106684_21,0,0,0,0,0,0,1,20250520,20250608
S106684_14,0,0,0,0,0,1,0,20250520,20250608
S113131_32,1,1,1,1,1,0,0,20250609,20250818
S113131_21,0,0,0,0,0,0,1,20250609,20250818
S113131_14,0,0,0,0,0,1,0,20250609,20250818
S106685_32,1,1,1,1,1,0,0,20250520,20250608
S113132_32,1,1,1,1,1,0,0,20250609,20250818
S106686_32,1,1,1,1,1,0,0,20250520,20250608
S106686_14,0,0,0,0,0,1,0,20250520,20250608
S113133_32,1,1,1,1,1,0,0,20250609,20250818
S113133_14,0,0,0,0,0,1,0,20250609,20250818
S104602_32,1,1,1,1,1,0,0,20250520,20250608
S104602_13,1,1,1,1,1,0,0,20250520,20250608
S113134_32,1,1,1,1,1,0,0,20250609,20250818
S113134_13,1,1,1,1,1,0,0,20250609,20250818
S104603_32,1,1,1,1,1,0,0,20250520,20250608
S104603_21,0,0,0,0,0,0,1,20250520,20250608
S104603_14,0,0,0,0,0,1,0,20250520,20250608
S113135_32,1,1,1,1,1,0,0,20250609,20250818
S113135_21,0,0,0,0,0,0,1,20250609,20250818
S113135_14,0,0,0,0,0,1,0,20250609,20250818
S104604_32,1,1,1,1,1,0,0,20250520,20250608
S113136_32,1,1,1,1,1,0,0,20250609,20250818
S104605_15,1,1,1,1,1,0,0,20250520,20250608
S113137_15,1,1,1,1,1,0,0,20250609,20250818
S104606_15,1,1,1,1,1,0,0,20250520,20250608
S113138_15,1,1,1,1,1,0,0,20250609,20250818
S104607_32,1,1,1,1,1,0,0,20250520,20250608
S104607_13,1,1,1,1,1,0,0,20250520,20250608
S113139_32,1,1,1,1,1,0,0,20250609,20250818
S113139_13,1,1,1,1,1,0,0,20250609,20250818
S104608_21,0,0,0,0,0,0,1,20250520,20250608
S104608_32,1,1,1,1,1,0,0,20250520,20250608
S104608_14,0,0,0,0,0,1,0,20250520,20250608
S113140_21,0,0,0,0,0,0,1,20250609,20250818
S113140_32,1,1,1,1,1,0,0,20250609,20250818
S113140_14,0,0,0,0,0,1,0,20250609,20250818
S104609_32,1,1,1,1,1,0,0,20250520,20250608
S113141_32,1,1,1,1,1,0,0,20250609,20250818
S104610_15,1,1,1,1,1,0,0,20250520,20250608
S113142_15,1,1,1,1,1,0,0,20250609,20250818
S107490_32,1,1,1,1,1,0,0,20250520,20250608
S107490_21,0,0,0,0,0,0,1,20250520,20250608
S107490_14,0,0,0,0,0,1,0,20250520,20250608
S113143_32,1,1,1,1,1,0,0,20250609,20250818
S113143_21,0,0,0,0,0,0,1,20250609,20250818
S113143_14,0,0,0,0,0,1,0,20250609,20250818
S104612_32,1,1,1,1,1,0,0,20250520,20250608
S104612_21,0,0,0,0,0,0,1,20250520,20250608
S104612_14,0,0,0,0,0,1,0,20250520,20250608
S113144_32,1,1,1,1,1,0,0,20250609,20250818
S113144_21,0,0,0,0,0,0,1,20250609,20250818
S113144_14,0,0,0,0,0,1,0,20250609,20250818
S106160_15,1,1,1,1,1,0,0,20250520,20250608
S113145_15,1,1,1,1,1,0,0,20250609,20250818
S106213_32,1,1,1,1,1,0,0,20250520,20250608
S106213_14,0,0,0,0,0,1,0,20250520,20250608
S106213_13,1,1,1,1,1,0,0,20250520,20250608
S113157_32,1,1,1,1,1,0,0,20250609,20250818
S113157_21,0,0,0,0,0,0,1,20250609,20250818
S113157_14,0,0,0,0,0,1,0,20250609,20250818
S113157_13,1,1,1,1,1,0,0,20250609,20250818
S106214_32,1,1,1,1,1,0,0,20250520,20250608
S106214_21,0,0,0,0,0,0,1,20250520,20250608
S106214_14,0,0,0,0,0,1,0,20250520,20250608
S113158_32,1,1,1,1,1,0,0,20250609,20250818
S113158_21,0,0,0,0,0,0,1,20250609,20250818
S113158_14,0,0,0,0,0,1,0,20250609,20250818
S106215_15,1,1,1,1,1,0,0,20250520,20250608
S113159_15,1,1,1,1,1,0,0,20250609,20250818
S106216_15,1,1,1,1,1,0,0,20250520,20250608
S113160_15,1,1,1,1,1,0,0,20250609,20250818
S106217_32,1,1,1,1,1,0,0,20250520,20250608
S106217_14,0,0,0,0,0,1,0,20250520,20250608
S113161_32,1,1,1,1,1,0,0,20250609,20250818
S113161_21,0,0,0,0,0,0,1,20250609,20250818
S113161_14,0,0,0,0,0,1,0,20250609,20250818
S106218_32,1,1,1,1,1,0,0,20250520,20250608
S106218_21,0,0,0,0,0,0,1,20250520,20250608
S106218_14,0,0,0,0,0,1,0,20250520,20250608
S106218_13,1,1,1,1,1,0,0,20250520,20250608
S113162_32,1,1,1,1,1,0,0,20250609,20250818
S113162_21,0,0,0,0,0,0,1,20250609,20250818
S113162_14,0,0,0,0,0,1,0,20250609,20250818
S113162_13,1,1,1,1,1,0,0,20250609,20250818
S106219_15,1,1,1,1,1,0,0,20250520,20250608
S113163_15,1,1,1,1,1,0,0,20250609,20250818
S108642_32,1,1,1,1,1,0,0,20250520,20250608
S108642_21,0,0,0,0,0,0,1,20250520,20250608
S108642_14,0,0,0,0,0,1,0,20250520,20250608
S108642_13,1,1,1,1,1,0,0,20250520,20250608
S113196_21,0,0,0,0,0,0,1,20250609,20250818
S113196_32,1,1,1,1,1,0,0,20250609,20250818
S113196_14,0,0,0,0,0,1,0,20250609,20250818
S113196_13,1,1,1,1,1,0,0,20250609,20250818
S113196_10,0,0,0,0,1,0,0,20250609,20250818
S108643_32,1,1,1,1,1,0,0,20250520,20250608
S113197_32,1,1,1,1,1,0,0,20250609,20250818
S108644_15,1,1,1,1,1,0,0,20250520,20250608
S113198_15,1,1,1,1,1,0,0,20250609,20250818
S112436_15,1,1,1,1,1,0,0,20250520,20250608
S113199_15,1,1,1,1,1,0,0,20250609,20250818
S108646_15,1,1,1,1,1,0,0,20250520,20250608
S113200_15,1,1,1,1,1,0,0,20250609,20250818
S108647_32,1,1,1,1,1,0,0,20250520,20250608
S108647_21,0,0,0,0,0,0,1,20250520,20250608
S108647_14,0,0,0,0,0,1,0,20250520,20250608
S113201_32,1,1,1,1,1,0,0,20250609,20250818
S113201_21,0,0,0,0,0,0,1,20250609,20250818
S113201_14,0,0,0,0,0,1,0,20250609,20250818
S113201_10,0,0,0,0,1,0,0,20250609,20250818
S113201_13,1,1,1,1,1,0,0,20250609,20250818
S108648_15,1,1,1,1,1,0,0,20250520,20250608
S113202_15,1,1,1,1,1,0,0,20250609,20250818
S108649_32,1,1,1,1,1,0,0,20250520,20250608
S113203_32,1,1,1,1,1,0,0,20250609,20250818
S108650_15,1,1,1,1,1,0,0,20250520,20250608
S113204_15,1,1,1,1,1,0,0,20250609,20250818
S107926_21,0,0,0,0,0,0,1,20250520,20250608
S107926_32,1,1,1,1,1,0,0,20250520,20250608
S107926_14,0,0,0,0,0,1,0,20250520,20250608
S107926_13,1,1,1,1,1,0,0,20250520,20250608
S113228_21,0,0,0,0,0,0,1,20250609,20250818
S113228_32,1,1,1,1,1,0,0,20250609,20250818
S113228_14,0,0,0,0,0,1,0,20250609,20250818
S113228_13,1,1,1,1,1,0,0,20250609,20250818
S107928_32,1,1,1,1,1,0,0,20250520,20250608
S113229_32,1,1,1,1,1,0,0,20250609,20250818
S107929_15,1,1,1,1,1,0,0,20250520,20250608
S113230_15,1,1,1,1,1,0,0,20250609,20250818
S107922_32,1,1,1,1,1,0,0,20250520,20250608
S107922_21,0,0,0,0,0,0,1,20250520,20250608
S107922_14,0,0,0,0,0,1,0,20250520,20250608
S107922_13,1,1,1,1,1,0,0,20250520,20250608
S113231_32,1,1,1,1,1,0,0,20250609,20250818
S113231_21,0,0,0,0,0,0,1,20250609,20250818
S113231_14,0,0,0,0,0,1,0,20250609,20250818
S113231_13,1,1,1,1,1,0,0,20250609,20250818
S107925_15,1,1,1,1,1,0,0,20250520,20250608
S113232_15,1,1,1,1,1,0,0,20250609,20250818
S105546_32,1,1,1,1,1,0,0,20250520,20250608
S113244_32,1,1,1,1,1,0,0,20250609,20250818
S94972_15,1,1,1,1,1,0,0,20250520,20250608
S113293_15,1,1,1,1,1,0,0,20250609,20250818
S94973_15,1,1,1,1,1,0,0,20250520,20250608
S113294_15,1,1,1,1,1,0,0,20250609,20250818
S98362_15,1,1,1,1,1,0,0,20250520,20250608
S113295_15,1,1,1,1,1,0,0,20250609,20250818
S104271_15,1,1,1,1,1,0,0,20250520,20250608
S113296_15,1,1,1,1,1,0,0,20250609,20250818
S104272_15,1,1,1,1,1,0,0,20250520,20250608
S113297_15,1,1,1,1,1,0,0,20250609,20250818
S90312_32,1,1,1,1,1,0,0,20250520,20250608
S90313_32,1,1,1,1,1,0,0,20250520,20250608
S113077_21,0,0,0,0,0,0,1,20250609,20250818
S113077_32,1,1,1,1,1,0,0,20250609,20250818
S113077_14,0,0,0,0,0,1,0,20250609,20250818
S113078_21,0,0,0,0,0,0,1,20250609,20250818
S113078_32,1,1,1,1,1,0,0,20250609,20250818
S113078_14,0,0,0,0,0,1,0,20250609,20250818
S111030_32,1,1,1,1,1,0,0,20250520,20250608
S111030_21,0,0,0,0,0,0,1,20250520,20250608
S111030_14,0,0,0,0,0,1,0,20250520,20250608
S113374_32,1,1,1,1,1,0,0,20250609,20250818
S113374_21,0,0,0,0,0,0,1,20250609,20250818
S113374_14,0,0,0,0,0,1,0,20250609,20250818
S102571_32,1,1,1,1,1,0,0,20250520,20250608
S102571_21,0,0,0,0,0,0,1,20250520,20250608
S102571_14,0,0,0,0,0,1,0,20250520,20250608
S113375_32,1,1,1,1,1,0,0,20250609,20250818
S113375_21,0,0,0,0,0,0,1,20250609,20250818
S113375_14,0,0,0,0,0,1,0,20250609,20250818
S103924_21,0,0,0,0,0,0,1,20250520,20250608
S103924_32,1,1,1,1,1,0,0,20250520,20250608
S103924_14,0,0,0,0,0,1,0,20250520,20250608
S113376_21,0,0,0,0,0,0,1,20250609,20250818
S113376_32,1,1,1,1,1,0,0,20250609,20250818
S113376_14,0,0,0,0,0,1,0,20250609,20250818
S103926_15,1,1,1,1,1,0,0,20250520,20250608
S113377_15,1,1,1,1,1,0,0,20250609,20250818
S108617_32,1,1,1,1,1,0,0,20250520,20250608
S108617_21,0,0,0,0,0,0,1,20250520,20250608
S108617_14,0,0,0,0,0,1,0,20250520,20250608
S113378_32,1,1,1,1,1,0,0,20250609,20250818
S113378_21,0,0,0,0,0,0,1,20250609,20250818
S113378_14,0,0,0,0,0,1,0,20250609,20250818
S106653_32,1,1,1,1,1,0,0,20250520,20250608
S106653_14,0,0,0,0,0,1,0,20250520,20250608
S106653_13,1,1,1,1,1,0,0,20250520,20250608
S113379_32,1,1,1,1,1,0,0,20250609,20250818
S113379_14,0,0,0,0,0,1,0,20250609,20250818
S113379_13,1,1,1,1,1,0,0,20250609,20250818
S106654_32,1,1,1,1,1,0,0,20250520,20250608
S113380_32,1,1,1,1,1,0,0,20250609,20250818
S106656_15,1,1,1,1,1,0,0,20250520,20250608
S113381_15,1,1,1,1,1,0,0,20250609,20250818
S112994_32,1,1,1,1,1,0,0,20250520,20250608
S112994_14,0,0,0,0,0,1,0,20250520,20250608
S112994_13,1,1,1,1,1,0,0,20250520,20250608
S113383_32,1,1,1,1,1,0,0,20250609,20250818
S113383_14,0,0,0,0,0,1,0,20250609,20250818
S113383_13,1,1,1,1,1,0,0,20250609,20250818
S112995_32,1,1,1,1,1,0,0,20250520,20250608
S113384_32,1,1,1,1,1,0,0,20250609,20250818
S112997_15,1,1,1,1,1,0,0,20250520,20250608
S113385_15,1,1,1,1,1,0,0,20250609,20250818
S103931_32,1,1,1,1,1,0,0,20250520,20250608
S109650_32,1,1,1,1,1,0,0,20250520,20250608
S109650_13,1,1,1,1,1,0,0,20250520,20250608
S113922_32,1,1,1,1,1,0,0,20250609,20250818
S113922_13,1,1,1,1,1,0,0,20250609,20250818
S109651_32,1,1,1,1,1,0,0,20250520,20250608
S113923_32,1,1,1,1,1,0,0,20250609,20250818
S109652_32,1,1,1,1,1,0,0,20250520,20250608
S109652_21,0,0,0,0,0,0,1,20250520,20250608
S109652_14,0,0,0,0,0,1,0,20250520,20250608
S113924_32,1,1,1,1,1,0,0,20250609,20250818
S113924_21,0,0,0,0,0,0,1,20250609,20250818
S113924_14,0,0,0,0,0,1,0,20250609,20250818
S109653_15,1,1,1,1,1,0,0,20250520,20250608
S113925_15,1,1,1,1,1,0,0,20250609,20250818
S109654_32,1,1,1,1,1,0,0,20250520,20250608
S109654_14,0,0,0,0,0,1,0,20250520,20250608
S109654_13,1,1,1,1,1,0,0,20250520,20250608
S113926_32,1,1,1,1,1,0,0,20250609,20250818
S113926_14,0,0,0,0,0,1,0,20250609,20250818
S113926_13,1,1,1,1,1,0,0,20250609,20250818
S109655_15,1,1,1,1,1,0,0,20250520,20250608
S113927_15,1,1,1,1,1,0,0,20250609,20250818
S109656_32,1,1,1,1,1,0,0,20250520,20250608
S113928_32,1,1,1,1,1,0,0,20250609,20250818
S109657_32,1,1,1,1,1,0,0,20250520,20250608
S113929_32,1,1,1,1,1,0,0,20250609,20250818
S109658_32,1,1,1,1,1,0,0,20250520,20250608
S109658_21,0,0,0,0,0,0,1,20250520,20250608
S109658_14,0,0,0,0,0,1,0,20250520,20250608
S109658_13,1,1,1,1,1,0,0,20250520,20250608
S113930_32,1,1,1,1,1,0,0,20250609,20250818
S113930_21,0,0,0,0,0,0,1,20250609,20250818
S113930_14,0,0,0,0,0,1,0,20250609,20250818
S113930_13,1,1,1,1,1,0,0,20250609,20250818
S109659_32,1,1,1,1,1,0,0,20250520,20250608
S113931_32,1,1,1,1,1,0,0,20250609,20250818
S109660_32,1,1,1,1,1,0,0,20250520,20250608
S109660_14,0,0,0,0,0,1,0,20250520,20250608
S113932_32,1,1,1,1,1,0,0,20250609,20250818
S113932_14,0,0,0,0,0,1,0,20250609,20250818
S109661_15,1,1,1,1,1,0,0,20250520,20250608
S113933_15,1,1,1,1,1,0,0,20250609,20250818
S109687_15,1,1,1,1,1,0,0,20250520,20250608
S113934_15,1,1,1,1,1,0,0,20250609,20250818
S109688_21,0,0,0,0,0,0,1,20250520,20250608
S109688_32,1,1,1,1,1,0,0,20250520,20250608
S109688_14,0,0,0,0,0,1,0,20250520,20250608
S113935_21,0,0,0,0,0,0,1,20250609,20250818
S113935_32,1,1,1,1,1,0,0,20250609,20250818
S113935_14,0,0,0,0,0,1,0,20250609,20250818
S109689_15,1,1,1,1,1,0,0,20250520,20250608
S113936_15,1,1,1,1,1,0,0,20250609,20250818
S109690_15,1,1,1,1,1,0,0,20250520,20250608
S113937_15,1,1,1,1,1,0,0,20250609,20250818
S109669_32,1,1,1,1,1,0,0,20250520,20250608
S109669_13,1,1,1,1,1,0,0,20250520,20250608
S113938_32,1,1,1,1,1,0,0,20250609,20250818
S113938_13,1,1,1,1,1,0,0,20250609,20250818
S109670_32,1,1,1,1,1,0,0,20250520,20250608
S109670_14,0,0,0,0,0,1,0,20250520,20250608
S109670_13,1,1,1,1,1,0,0,20250520,20250608
S113939_32,1,1,1,1,1,0,0,20250609,20250818
S113939_14,0,0,0,0,0,1,0,20250609,20250818
S113939_13,1,1,1,1,1,0,0,20250609,20250818
S109671_32,1,1,1,1,1,0,0,20250520,20250608
S109671_21,0,0,0,0,0,0,1,20250520,20250608
S109671_14,0,0,0,0,0,1,0,20250520,20250608
S113940_32,1,1,1,1,1,0,0,20250609,20250818
S113940_21,0,0,0,0,0,0,1,20250609,20250818
S113940_14,0,0,0,0,0,1,0,20250609,20250818
S109672_15,1,1,1,1,1,0,0,20250520,20250608
S113941_15,1,1,1,1,1,0,0,20250609,20250818
S109673_15,1,1,1,1,1,0,0,20250520,20250608
S113942_15,1,1,1,1,1,0,0,20250609,20250818
S109674_15,1,1,1,1,1,0,0,20250520,20250608
S113943_15,1,1,1,1,1,0,0,20250609,20250818
S109675_32,1,1,1,1,1,0,0,20250520,20250608
S113944_32,1,1,1,1,1,0,0,20250609,20250818
S109676_15,1,1,1,1,1,0,0,20250520,20250608
S113945_15,1,1,1,1,1,0,0,20250609,20250818
S109677_15,1,1,1,1,1,0,0,20250520,20250608
S113946_15,1,1,1,1,1,0,0,20250609,20250818
S109678_21,0,0,0,0,0,0,1,20250520,20250608
S109678_14,0,0,0,0,0,1,0,20250520,20250608
S109678_13,1,1,1,1,1,0,0,20250520,20250608
S113947_21,0,0,0,0,0,0,1,20250609,20250818
S113947_14,0,0,0,0,0,1,0,20250609,20250818
S109679_15,1,1,1,1,1,0,0,20250520,20250608
S113948_15,1,1,1,1,1,0,0,20250609,20250818
S109680_15,1,1,1,1,1,0,0,20250520,20250608
S113949_15,1,1,1,1,1,0,0,20250609,20250818
S109681_15,1,1,1,1,1,0,0,20250520,20250608
S113950_15,1,1,1,1,1,0,0,20250609,20250818
S109682_32,1,1,1,1,1,0,0,20250520,20250608
S109682_13,1,1,1,1,1,0,0,20250520,20250608
S113951_32,1,1,1,1,1,0,0,20250609,20250818
S113951_13,1,1,1,1,1,0,0,20250609,20250818
S109683_32,1,1,1,1,1,0,0,20250520,20250608
S113952_32,1,1,1,1,1,0,0,20250609,20250818
S109684_14,0,0,0,0,0,1,0,20250520,20250608
S113953_14,0,0,0,0,0,1,0,20250609,20250818
S109685_15,1,1,1,1,1,0,0,20250520,20250608
S113954_15,1,1,1,1,1,0,0,20250609,20250818
S109686_32,1,1,1,1,1,0,0,20250520,20250608
S113955_32,1,1,1,1,1,0,0,20250609,20250818
S105522_32,1,1,1,1,1,0,0,20250520,20250608
S105523_32,1,1,1,1,1,0,0,20250520,20250608
S105524_32,1,1,1,1,1,0,0,20250520,20250608
S105525_32,1,1,1,1,1,0,0,20250520,20250608
S110816_32,1,1,1,1,1,0,0,20250520,20250608
S110816_14,0,0,0,0,0,1,0,20250520,20250608
S110817_32,1,1,1,1,1,0,0,20250520,20250608
S110817_14,0,0,0,0,0,1,0,20250520,20250608
S110818_32,1,1,1,1,1,0,0,20250520,20250608
S110818_14,0,0,0,0,0,1,0,20250520,20250608
S110819_32,1,1,1,1,1,0,0,20250520,20250608
S110819_14,0,0,0,0,0,1,0,20250520,20250608
S110820_21,0,0,0,0,0,0,1,20250520,20250608
S110820_32,1,1,1,1,1,0,0,20250520,20250608
S110820_14,0,0,0,0,0,1,0,20250520,20250608
S110821_32,1,1,1,1,1,0,0,20250520,20250608
S110821_14,0,0,0,0,0,1,0,20250520,20250608
S110822_32,1,1,1,1,1,0,0,20250520,20250608
S110822_14,0,0,0,0,0,1,0,20250520,20250608
S110823_21,0,0,0,0,0,0,1,20250520,20250608
S110823_32,1,1,1,1,1,0,0,20250520,20250608
S110823_14,0,0,0,0,0,1,0,20250520,20250608
S109646_15,1,1,1,1,1,0,0,20250520,20250608
S109647_32,1,1,1,1,1,0,0,20250520,20250608
S109648_14,0,0,0,0,0,1,0,20250520,20250608
S109649_15,1,1,1,1,1,0,0,20250520,20250608
S109635_32,1,1,1,1,1,0,0,20250520,20250608
S109636_32,1,1,1,1,1,0,0,20250520,20250608
S112502_32,1,1,1,1,1,0,0,20250520,20250608
S112660_32,1,1,1,1,1,0,0,20250520,20250608
S112661_21,0,0,0,0,0,0,1,20250520,20250608
S112661_32,1,1,1,1,1,0,0,20250520,20250608
S112661_14,0,0,0,0,0,1,0,20250520,20250608
S112505_32,1,1,1,1,1,0,0,20250520,20250608
S112505_21,0,0,0,0,0,0,1,20250520,20250608
S112505_14,0,0,0,0,0,1,0,20250520,20250608
S102691_32,1,1,1,1,1,0,0,20250520,20250608
S102706_32,1,1,1,1,1,0,0,20250520,20250608
S102706_21,0,0,0,0,0,0,1,20250520,20250608
S102706_14,0,0,0,0,0,1,0,20250520,20250608
S102708_15,1,1,1,1,1,0,0,20250520,20250608
S102707_15,1,1,1,1,1,0,0,20250520,20250608
S102707_32,1,1,1,1,1,0,0,20250520,20250608
S111196_32,1,1,1,1,1,0,0,20250520,20250608
S111196_21,0,0,0,0,0,0,1,20250520,20250608
S111196_14,0,0,0,0,0,1,0,20250520,20250608
S111195_32,1,1,1,1,1,0,0,20250520,20250608
S102711_32,1,1,1,1,1,0,0,20250520,20250608
S102712_15,1,1,1,1,1,0,0,20250520,20250608
S102712_32,1,1,1,1,1,0,0,20250520,20250608
S102712_14,0,0,0,0,0,1,0,20250520,20250608
S105206_15,1,1,1,1,1,0,0,20250520,20250608
S102713_15,1,1,1,1,1,0,0,20250520,20250608
S102713_32,1,1,1,1,1,0,0,20250520,20250608
S102715_32,1,1,1,1,1,0,0,20250520,20250608
S102715_14,0,0,0,0,0,1,0,20250520,20250608
S102716_15,1,1,1,1,1,0,0,20250520,20250608
S102716_32,1,1,1,1,1,0,0,20250520,20250608
S102717_15,1,1,1,1,1,0,0,20250520,20250608
S102718_15,1,1,1,1,1,0,0,20250520,20250608
S111154_32,1,1,1,1,1,0,0,20250609,20250818
S111154_21,0,0,0,0,0,0,1,20250609,20250818
S111154_14,0,0,0,0,0,1,0,20250609,20250818
S111156_32,1,1,1,1,1,0,0,20250609,20250818
S111157_32,1,1,1,1,1,0,0,20250609,20250818
S111191_32,1,1,1,1,1,0,0,20250520,20250608
S111162_32,1,1,1,1,1,0,0,20250609,20250818
S111162_21,0,0,0,0,0,0,1,20250609,20250818
S111162_14,0,0,0,0,0,1,0,20250609,20250818
S111162_13,1,1,1,1,1,0,0,20250609,20250818
S102690_32,1,1,1,1,1,0,0,20250520,20250608
S111163_21,0,0,0,0,0,0,1,20250609,20250818
S111163_32,1,1,1,1,1,0,0,20250609,20250818
S111163_14,0,0,0,0,0,1,0,20250609,20250818
S111163_13,1,1,1,1,1,0,0,20250609,20250818
S111138_32,1,1,1,1,1,0,0,20250609,20250818
S111138_21,0,0,0,0,0,0,1,20250609,20250818
S111138_14,0,0,0,0,0,1,0,20250609,20250818
S111139_32,1,1,1,1,1,0,0,20250609,20250818
S111139_21,0,0,0,0,0,0,1,20250609,20250818
S111139_14,0,0,0,0,0,1,0,20250609,20250818
S111148_32,1,1,1,1,1,0,0,20250609,20250818
S111148_21,0,0,0,0,0,0,1,20250609,20250818
S111148_14,0,0,0,0,0,1,0,20250609,20250818
S111149_15,1,1,1,1,1,0,0,20250609,20250818
S111149_32,1,1,1,1,1,0,0,20250609,20250818
S111149_21,0,0,0,0,0,0,1,20250609,20250818
S111149_14,0,0,0,0,0,1,0,20250609,20250818
S111149_13,1,1,1,1,1,0,0,20250609,20250818
S111150_21,0,0,0,0,0,0,1,20250609,20250818
S111150_32,1,1,1,1,1,0,0,20250609,20250818
S111150_14,0,0,0,0,0,1,0,20250609,20250818
S111151_21,0,0,0,0,0,0,1,20250609,20250818
S111151_32,1,1,1,1,1,0,0,20250609,20250818
S111151_14,0,0,0,0,0,1,0,20250609,20250818
S111151_13,1,1,1,1,1,0,0,20250609,20250818
S111155_32,1,1,1,1,1,0,0,20250609,20250818
S111155_21,0,0,0,0,0,0,1,20250609,20250818
S111155_14,0,0,0,0,0,1,0,20250609,20250818
S111155_13,1,1,1,1,1,0,0,20250609,20250818
S109637_32,1,1,1,1,1,0,0,20250520,20250608
S109637_21,0,0,0,0,0,0,1,20250520,20250608
S109637_14,0,0,0,0,0,1,0,20250520,20250608
S111158_32,1,1,1,1,1,0,0,20250609,20250818
S111158_21,0,0,0,0,0,0,1,20250609,20250818
S111158_14,0,0,0,0,0,1,0,20250609,20250818
S109627_32,1,1,1,1,1,0,0,20250520,20250608
S109627_21,0,0,0,0,0,0,1,20250520,20250608
S109627_14,0,0,0,0,0,1,0,20250520,20250608
S111159_21,0,0,0,0,0,0,1,20250609,20250818
S111159_32,1,1,1,1,1,0,0,20250609,20250818
S111159_14,0,0,0,0,0,1,0,20250609,20250818
S111159_13,1,1,1,1,1,0,0,20250609,20250818
S109645_32,1,1,1,1,1,0,0,20250520,20250608
S109645_14,0,0,0,0,0,1,0,20250520,20250608
S111160_32,1,1,1,1,1,0,0,20250609,20250818
S111160_21,0,0,0,0,0,0,1,20250609,20250818
S111160_14,0,0,0,0,0,1,0,20250609,20250818
S109634_32,1,1,1,1,1,0,0,20250520,20250608
S109634_14,0,0,0,0,0,1,0,20250520,20250608
S111161_32,1,1,1,1,1,0,0,20250609,20250818
S111161_21,0,0,0,0,0,0,1,20250609,20250818
S111161_14,0,0,0,0,0,1,0,20250609,20250818
S106220_15,1,1,1,1,1,0,0,20250520,20250608
S106220_32,1,1,1,1,1,0,0,20250520,20250608
S106220_14,0,0,0,0,0,1,0,20250520,20250608
S111168_32,1,1,1,1,1,0,0,20250609,20250818
S111168_21,0,0,0,0,0,0,1,20250609,20250818
S111168_14,0,0,0,0,0,1,0,20250609,20250818
S106221_32,1,1,1,1,1,0,0,20250520,20250608
S106221_14,0,0,0,0,0,1,0,20250520,20250608
S106221_13,1,1,1,1,1,0,0,20250520,20250608
S111170_21,0,0,0,0,0,0,1,20250609,20250818
S111170_32,1,1,1,1,1,0,0,20250609,20250818
S111170_14,0,0,0,0,0,1,0,20250609,20250818
S111175_32,1,1,1,1,1,0,0,20250609,20250818
S111175_21,0,0,0,0,0,0,1,20250609,20250818
S111175_14,0,0,0,0,0,1,0,20250609,20250818
S111175_13,1,1,1,1,1,0,0,20250609,20250818
S111175_10,0,0,0,0,1,0,0,20250609,20250818
S111176_21,0,0,0,0,0,0,1,20250609,20250818
S111176_32,1,1,1,1,1,0,0,20250609,20250818
S111176_14,0,0,0,0,0,1,0,20250609,20250818
S111176_13,1,1,1,1,1,0,0,20250609,20250818
S111178_32,1,1,1,1,1,0,0,20250609,20250818
S111178_13,1,1,1,1,1,0,0,20250609,20250818
S111183_32,1,1,1,1,1,0,0,20250609,20250818
S111183_14,0,0,0,0,0,1,0,20250609,20250818
S111185_32,1,1,1,1,1,0,0,20250609,20250818
S111185_21,0,0,0,0,0,0,1,20250609,20250818
S111185_14,0,0,0,0,0,1,0,20250609,20250818
S111164_21,0,0,0,0,0,0,1,20250609,20250818
S111164_32,1,1,1,1,1,0,0,20250609,20250818
S111164_14,0,0,0,0,0,1,0,20250609,20250818
S111164_13,1,1,1,1,1,0,0,20250609,20250818
S111165_21,0,0,0,0,0,0,1,20250609,20250818
S111165_32,1,1,1,1,1,0,0,20250609,20250818
S111165_14,0,0,0,0,0,1,0,20250609,20250818
S111165_13,1,1,1,1,1,0,0,20250609,20250818
S114193_15,1,1,1,1,1,0,0,20250520,20250608
S114193_32,1,1,1,1,1,0,0,20250520,20250608
S114193_13,1,1,1,1,1,0,0,20250520,20250608
S113723_15,1,1,1,1,1,0,0,20250609,20250818
S113723_32,1,1,1,1,1,0,0,20250609,20250818
S113723_13,1,1,1,1,1,0,0,20250609,20250818
S111142_32,1,1,1,1,1,0,0,20250609,20250818
S111142_21,0,0,0,0,0,0,1,20250609,20250818
S111142_14,0,0,0,0,0,1,0,20250609,20250818
S111143_32,1,1,1,1,1,0,0,20250609,20250818
S111143_21,0,0,0,0,0,0,1,20250609,20250818
S111143_14,0,0,0,0,0,1,0,20250609,20250818
S113691_32,1,1,1,1,1,0,0,20250609,20250818
S113691_14,0,0,0,0,0,1,0,20250609,20250818
S113692_15,1,1,1,1,1,0,0,20250609,20250818
S113693_32,1,1,1,1,1,0,0,20250609,20250818
S113693_21,0,0,0,0,0,0,1,20250609,20250818
S113693_14,0,0,0,0,0,1,0,20250609,20250818
S113694_32,1,1,1,1,1,0,0,20250609,20250818
S113694_21,0,0,0,0,0,0,1,20250609,20250818
S113694_14,0,0,0,0,0,1,0,20250609,20250818
S113694_10,0,0,0,0,1,0,0,20250609,20250818
S113704_21,0,0,0,0,0,0,1,20250609,20250818
S113704_32,1,1,1,1,1,0,0,20250609,20250818
S113704_14,0,0,0,0,0,1,0,20250609,20250818
S108005_32,1,1,1,1,1,0,0,20250520,20250608
S108005_21,0,0,0,0,0,0,1,20250520,20250608
S108005_14,0,0,0,0,0,1,0,20250520,20250608
S108005_10,0,0,0,0,1,0,0,20250520,20250608
S114012_32,1,1,1,1,1,0,0,20250609,20250818
S114012_21,0,0,0,0,0,0,1,20250609,20250818
S114012_14,0,0,0,0,0,1,0,20250609,20250818
S114012_10,0,0,0,0,1,0,0,20250609,20250818
S108006_32,1,1,1,1,1,0,0,20250520,20250608
S108006_21,0,0,0,0,0,0,1,20250520,20250608
S108006_14,0,0,0,0,0,1,0,20250520,20250608
S114013_32,1,1,1,1,1,0,0,20250609,20250818
S114013_21,0,0,0,0,0,0,1,20250609,20250818
S114013_14,0,0,0,0,0,1,0,20250609,20250818
S108417_32,1,1,1,1,1,0,0,20250520,20250608
S108417_21,0,0,0,0,0,0,1,20250520,20250608
S108417_14,0,0,0,0,0,1,0,20250520,20250608
S114014_32,1,1,1,1,1,0,0,20250609,20250818
S114014_21,0,0,0,0,0,0,1,20250609,20250818
S114014_14,0,0,0,0,0,1,0,20250609,20250818
S108418_21,0,0,0,0,0,0,1,20250520,20250608
S108418_32,1,1,1,1,1,0,0,20250520,20250608
S108418_14,0,0,0,0,0,1,0,20250520,20250608
S114015_21,0,0,0,0,0,0,1,20250609,20250818
S114015_32,1,1,1,1,1,0,0,20250609,20250818
S114015_14,0,0,0,0,0,1,0,20250609,20250818
S101220_32,1,1,1,1,1,0,0,20250520,20250608
S101220_21,0,0,0,0,0,0,1,20250520,20250608
S101220_14,0,0,0,0,0,1,0,20250520,20250608
S101220_10,0,0,0,0,1,0,0,20250520,20250608
S109160_32,1,1,1,1,1,0,0,20250520,20250608
S109160_21,0,0,0,0,0,0,1,20250520,20250608
S109160_14,0,0,0,0,0,1,0,20250520,20250608
S109160_10,0,0,0,0,1,0,0,20250520,20250608
S101156_15,1,1,1,1,1,0,0,20250520,20250608
S114037_32,1,1,1,1,1,0,0,20250609,20250818
S91012_15,1,1,1,1,1,0,0,20250520,20250608
S40902_19,0,0,1,0,0,0,0,20250520,20250608
S40902_42,1,1,0,1,1,0,0,20250520,20250608
S111511_15,1,1,1,1,1,0,0,20250520,20250608
S99345_15,1,1,1,1,1,0,0,20250520,20250608
S111519_15,1,1,1,1,1,0,0,20250520,20250608
S114513_15,1,1,1,1,1,0,0,20250609,20250818
S60483_19,0,0,1,0,0,0,0,20250520,20250608
S60483_42,1,1,0,1,1,0,0,20250520,20250608
S114514_19,0,0,1,0,0,0,0,20250609,20250818
S114514_42,1,1,0,1,1,0,0,20250609,20250818
S40903_19,0,0,1,0,0,0,0,20250520,20250608
S40903_42,1,1,0,1,1,0,0,20250520,20250608
S114515_19,0,0,1,0,0,0,0,20250609,20250818
S114515_42,1,1,0,1,1,0,0,20250609,20250818
S40899_19,0,0,1,0,0,0,0,20250520,20250608
S40899_42,1,1,0,1,1,0,0,20250520,20250608
S114516_19,0,0,1,0,0,0,0,20250609,20250818
S114516_42,1,1,0,1,1,0,0,20250609,20250818
S111506_19,0,0,1,0,0,0,0,20250520,20250608
S111506_42,1,1,0,1,1,0,0,20250520,20250608
S114517_19,0,0,1,0,0,0,0,20250609,20250818
S114517_42,1,1,0,1,1,0,0,20250609,20250818
S112481_32,1,1,1,1,1,0,0,20250520,20250608
S112481_21,0,0,0,0,0,0,1,20250520,20250608
S112481_14,0,0,0,0,0,1,0,20250520,20250608
S114728_32,1,1,1,1,1,0,0,20250609,20250818
S114728_21,0,0,0,0,0,0,1,20250609,20250818
S114728_14,0,0,0,0,0,1,0,20250609,20250818
S107763_15,1,1,1,1,1,0,0,20250520,20250608
S114729_15,1,1,1,1,1,0,0,20250609,20250818
S107756_32,1,1,1,1,1,0,0,20250520,20250608
S107756_21,0,0,0,0,0,0,1,20250520,20250608
S107756_14,0,0,0,0,0,1,0,20250520,20250608
S114730_32,1,1,1,1,1,0,0,20250609,20250818
S114730_21,0,0,0,0,0,0,1,20250609,20250818
S114730_14,0,0,0,0,0,1,0,20250609,20250818
S107760_15,1,1,1,1,1,0,0,20250520,20250608
S114731_15,1,1,1,1,1,0,0,20250609,20250818
S113810_473,1,1,1,1,1,0,0,20250520,20250524
S114787_473,1,1,1,1,1,0,0,20250525,20250818
S113811_473,1,1,1,1,1,0,0,20250520,20250524
S114788_473,1,1,1,1,1,0,0,20250525,20250818
S104268_15,1,1,1,1,1,0,0,20250520,20250608
S113298_15,1,1,1,1,1,0,0,20250609,20250818
S94979_15,1,1,1,1,1,0,0,20250520,20250608
S113299_15,1,1,1,1,1,0,0,20250609,20250818
S94980_15,1,1,1,1,1,0,0,20250520,20250608
S113300_15,1,1,1,1,1,0,0,20250609,20250818
S94964_15,1,1,1,1,1,0,0,20250520,20250608
S113301_15,1,1,1,1,1,0,0,20250609,20250818
S94966_15,1,1,1,1,1,0,0,20250520,20250608
S113302_15,1,1,1,1,1,0,0,20250609,20250818
S94967_15,1,1,1,1,1,0,0,20250520,20250608
S113303_15,1,1,1,1,1,0,0,20250609,20250818
S103529_21,0,0,0,0,0,0,1,20250520,20250608
S103529_32,1,1,1,1,1,0,0,20250520,20250608
S103529_14,0,0,0,0,0,1,0,20250520,20250608
S114077_21,0,0,0,0,0,0,1,20250609,20250818
S114077_32,1,1,1,1,1,0,0,20250609,20250818
S114077_14,0,0,0,0,0,1,0,20250609,20250818
S103530_32,1,1,1,1,1,0,0,20250520,20250608
S114078_32,1,1,1,1,1,0,0,20250609,20250818
S108249_32,1,1,1,1,1,0,0,20250520,20250608
S114079_32,1,1,1,1,1,0,0,20250609,20250818
S103532_21,0,0,0,0,0,0,1,20250520,20250608
S103532_32,1,1,1,1,1,0,0,20250520,20250608
S103532_14,0,0,0,0,0,1,0,20250520,20250608
S103532_13,1,1,1,1,1,0,0,20250520,20250608
S114080_21,0,0,0,0,0,0,1,20250609,20250818
S114080_32,1,1,1,1,1,0,0,20250609,20250818
S114080_14,0,0,0,0,0,1,0,20250609,20250818
S114080_13,1,1,1,1,1,0,0,20250609,20250818
S103533_15,1,1,1,1,1,0,0,20250520,20250608
S114081_15,1,1,1,1,1,0,0,20250609,20250818
S103534_15,1,1,1,1,1,0,0,20250520,20250608
S114082_15,1,1,1,1,1,0,0,20250609,20250818
S103535_21,0,0,0,0,0,0,1,20250520,20250608
S103535_14,0,0,0,0,0,1,0,20250520,20250608
S114083_21,0,0,0,0,0,0,1,20250609,20250818
S114083_14,0,0,0,0,0,1,0,20250609,20250818
S103536_32,1,1,1,1,1,0,0,20250520,20250608
S103536_13,1,1,1,1,1,0,0,20250520,20250608
S114084_32,1,1,1,1,1,0,0,20250609,20250818
S114084_13,1,1,1,1,1,0,0,20250609,20250818
S103537_15,1,1,1,1,1,0,0,20250520,20250608
S114085_15,1,1,1,1,1,0,0,20250609,20250818
S103538_15,1,1,1,1,1,0,0,20250520,20250608
S114086_15,1,1,1,1,1,0,0,20250609,20250818
S103539_32,1,1,1,1,1,0,0,20250520,20250608
S103539_21,0,0,0,0,0,0,1,20250520,20250608
S103539_14,0,0,0,0,0,1,0,20250520,20250608
S103539_13,1,1,1,1,1,0,0,20250520,20250608
S114087_32,1,1,1,1,1,0,0,20250609,20250818
S114087_21,0,0,0,0,0,0,1,20250609,20250818
S114087_14,0,0,0,0,0,1,0,20250609,20250818
S114087_13,1,1,1,1,1,0,0,20250609,20250818
S103540_15,1,1,1,1,1,0,0,20250520,20250608
S114088_15,1,1,1,1,1,0,0,20250609,20250818
S103541_32,1,1,1,1,1,0,0,20250520,20250608
S103541_13,1,1,1,1,1,0,0,20250520,20250608
S114089_32,1,1,1,1,1,0,0,20250609,20250818
S114089_13,1,1,1,1,1,0,0,20250609,20250818
S103542_15,1,1,1,1,1,0,0,20250520,20250608
S114090_15,1,1,1,1,1,0,0,20250609,20250818
S103543_15,1,1,1,1,1,0,0,20250520,20250608
S114091_15,1,1,1,1,1,0,0,20250609,20250818
S103544_32,1,1,1,1,1,0,0,20250520,20250608
S103544_21,0,0,0,0,0,0,1,20250520,20250608
S103544_14,0,0,0,0,0,1,0,20250520,20250608
S103544_13,1,1,1,1,1,0,0,20250520,20250608
S114092_32,1,1,1,1,1,0,0,20250609,20250818
S114092_21,0,0,0,0,0,0,1,20250609,20250818
S114092_14,0,0,0,0,0,1,0,20250609,20250818
S114092_13,1,1,1,1,1,0,0,20250609,20250818
S108251_32,1,1,1,1,1,0,0,20250520,20250608
S108251_14,0,0,0,0,0,1,0,20250520,20250608
S114098_32,1,1,1,1,1,0,0,20250609,20250818
S114098_14,0,0,0,0,0,1,0,20250609,20250818
S114462_32,1,1,1,1,1,0,0,20250520,20250608
S113194_32,1,1,1,1,1,0,0,20250609,20250818
S114463_32,1,1,1,1,1,0,0,20250520,20250608
S113195_32,1,1,1,1,1,0,0,20250609,20250818
S109708_32,1,1,1,1,1,0,0,20250520,20250608
S109709_32,1,1,1,1,1,0,0,20250520,20250608
S109710_32,1,1,1,1,1,0,0,20250520,20250608
S109711_32,1,1,1,1,1,0,0,20250520,20250608
S109712_32,1,1,1,1,1,0,0,20250520,20250608
S109713_32,1,1,1,1,1,0,0,20250520,20250608
S109714_32,1,1,1,1,1,0,0,20250520,20250608
S109715_32,1,1,1,1,1,0,0,20250520,20250608
S109715_21,0,0,0,0,0,0,1,20250520,20250608
S109715_14,0,0,0,0,0,1,0,20250520,20250608
S109716_21,0,0,0,0,0,0,1,20250520,20250608
S109716_32,1,1,1,1,1,0,0,20250520,20250608
S109716_14,0,0,0,0,0,1,0,20250520,20250608
S109717_15,1,1,1,1,1,0,0,20250520,20250608
S109718_32,1,1,1,1,1,0,0,20250520,20250608
S109719_21,0,0,0,0,0,0,1,20250520,20250608
S109719_32,1,1,1,1,1,0,0,20250520,20250608
S109720_15,1,1,1,1,1,0,0,20250520,20250608
S109721_32,1,1,1,1,1,0,0,20250520,20250608
S109721_21,0,0,0,0,0,0,1,20250520,20250608
S109721_14,0,0,0,0,0,1,0,20250520,20250608
S109722_32,1,1,1,1,1,0,0,20250520,20250608
S109723_21,0,0,0,0,0,0,1,20250520,20250608
S109723_32,1,1,1,1,1,0,0,20250520,20250608
S109723_14,0,0,0,0,0,1,0,20250520,20250608
S106223_32,1,1,1,1,1,0,0,20250520,20250608
S106223_13,1,1,1,1,1,0,0,20250520,20250608
S106224_15,1,1,1,1,1,0,0,20250520,20250608
S106225_32,1,1,1,1,1,0,0,20250520,20250608
S106225_13,1,1,1,1,1,0,0,20250520,20250608
S106226_15,1,1,1,1,1,0,0,20250520,20250608
S106227_15,1,1,1,1,1,0,0,20250520,20250608
S109638_32,1,1,1,1,1,0,0,20250520,20250608
S109639_32,1,1,1,1,1,0,0,20250520,20250608
S109640_21,0,0,0,0,0,0,1,20250520,20250608
S109640_32,1,1,1,1,1,0,0,20250520,20250608
S109640_14,0,0,0,0,0,1,0,20250520,20250608
S109640_10,0,0,0,0,1,0,0,20250520,20250608
S109642_15,1,1,1,1,1,0,0,20250520,20250608
S109641_32,1,1,1,1,1,0,0,20250520,20250608
S109643_32,1,1,1,1,1,0,0,20250520,20250608
S109644_32,1,1,1,1,1,0,0,20250520,20250608
S109628_32,1,1,1,1,1,0,0,20250520,20250608
S109629_32,1,1,1,1,1,0,0,20250520,20250608
S109631_32,1,1,1,1,1,0,0,20250520,20250608
S106229_32,1,1,1,1,1,0,0,20250520,20250608
S106230_15,1,1,1,1,1,0,0,20250520,20250608
S106232_32,1,1,1,1,1,0,0,20250520,20250608
S106233_15,1,1,1,1,1,0,0,20250520,20250608
S106336_15,1,1,1,1,1,0,0,20250520,20250608
S114349_15,1,1,1,1,1,0,0,20250609,20250818
S108951_32,1,1,1,1,1,0,0,20250520,20250608
S108951_21,0,0,0,0,0,0,1,20250520,20250608
S108951_796,1,1,1,1,0,0,0,20250520,20250608
S108951_14,0,0,0,0,0,1,0,20250520,20250608
S108951_13,1,1,1,1,1,0,0,20250520,20250608
S113880_32,1,1,1,1,1,0,0,20250609,20250818
S113880_21,0,0,0,0,0,0,1,20250609,20250818
S113880_796,1,1,1,1,0,0,0,20250609,20250818
S113880_14,0,0,0,0,0,1,0,20250609,20250818
S113880_10,0,0,0,0,1,0,0,20250609,20250818
S106235_15,1,1,1,1,1,0,0,20250520,20250608
S106235_32,1,1,1,1,1,0,0,20250520,20250608
S106235_14,0,0,0,0,0,1,0,20250520,20250608
S113881_21,0,0,0,0,0,0,1,20250609,20250818
S113881_32,1,1,1,1,1,0,0,20250609,20250818
S113881_14,0,0,0,0,0,1,0,20250609,20250818
S106236_32,1,1,1,1,1,0,0,20250520,20250608
S106236_21,0,0,0,0,0,0,1,20250520,20250608
S106236_14,0,0,0,0,0,1,0,20250520,20250608
S106236_10,0,0,0,0,1,0,0,20250520,20250608
S113882_32,1,1,1,1,1,0,0,20250609,20250818
S113882_21,0,0,0,0,0,0,1,20250609,20250818
S113882_14,0,0,0,0,0,1,0,20250609,20250818
S113882_10,0,0,0,0,1,0,0,20250609,20250818
S106237_32,1,1,1,1,1,0,0,20250520,20250608
S113883_32,1,1,1,1,1,0,0,20250609,20250818
S112482_15,1,1,1,1,1,0,0,20250520,20250608
S113884_15,1,1,1,1,1,0,0,20250609,20250818
S108628_32,1,1,1,1,1,0,0,20250520,20250608
S108628_21,0,0,0,0,0,0,1,20250520,20250608
S108628_14,0,0,0,0,0,1,0,20250520,20250608
S113885_32,1,1,1,1,1,0,0,20250609,20250818
S113885_21,0,0,0,0,0,0,1,20250609,20250818
S113885_14,0,0,0,0,0,1,0,20250609,20250818
S113885_412,0,0,0,0,0,0,1,20250609,20250818
S102683_21,0,0,0,0,0,0,1,20250520,20250608
S102683_32,1,1,1,1,1,0,0,20250520,20250608
S102683_14,0,0,0,0,0,1,0,20250520,20250608
S113886_32,1,1,1,1,1,0,0,20250609,20250818
S113886_21,0,0,0,0,0,0,1,20250609,20250818
S113886_14,0,0,0,0,0,1,0,20250609,20250818
S102686_32,1,1,1,1,1,0,0,20250520,20250608
S102686_21,0,0,0,0,0,0,1,20250520,20250608
S102686_14,0,0,0,0,0,1,0,20250520,20250608
S113887_32,1,1,1,1,1,0,0,20250609,20250818
S113887_21,0,0,0,0,0,0,1,20250609,20250818
S113887_14,0,0,0,0,0,1,0,20250609,20250818
S102684_32,1,1,1,1,1,0,0,20250520,20250608
S113888_32,1,1,1,1,1,0,0,20250609,20250818
S96414_15,1,1,1,1,1,0,0,20250520,20250608
S113889_15,1,1,1,1,1,0,0,20250609,20250818
S108619_32,1,1,1,1,1,0,0,20250520,20250608
S108619_21,0,0,0,0,0,0,1,20250520,20250608
S108619_14,0,0,0,0,0,1,0,20250520,20250608
S113890_15,1,1,1,1,1,0,0,20250609,20250818
S113890_32,1,1,1,1,1,0,0,20250609,20250818
S113890_21,0,0,0,0,0,0,1,20250609,20250818
S113890_14,0,0,0,0,0,1,0,20250609,20250818
S113890_13,1,1,1,1,1,0,0,20250609,20250818
S108620_32,1,1,1,1,1,0,0,20250520,20250608
S108620_21,0,0,0,0,0,0,1,20250520,20250608
S113891_32,1,1,1,1,1,0,0,20250609,20250818
S113891_21,0,0,0,0,0,0,1,20250609,20250818
S102688_15,1,1,1,1,1,0,0,20250520,20250608
S102688_32,1,1,1,1,1,0,0,20250520,20250608
S113892_15,1,1,1,1,1,0,0,20250609,20250818
S113892_32,1,1,1,1,1,0,0,20250609,20250818
S103930_32,1,1,1,1,1,0,0,20250520,20250608
S113893_32,1,1,1,1,1,0,0,20250609,20250818
S108621_32,1,1,1,1,1,0,0,20250520,20250608
S113894_32,1,1,1,1,1,0,0,20250609,20250818
S109691_32,1,1,1,1,1,0,0,20250520,20250608
S109691_13,1,1,1,1,1,0,0,20250520,20250608
S113905_32,1,1,1,1,1,0,0,20250609,20250818
S113905_13,1,1,1,1,1,0,0,20250609,20250818
S109692_32,1,1,1,1,1,0,0,20250520,20250608
S113906_32,1,1,1,1,1,0,0,20250609,20250818
S109693_15,1,1,1,1,1,0,0,20250520,20250608
S113907_15,1,1,1,1,1,0,0,20250609,20250818
S109694_15,1,1,1,1,1,0,0,20250520,20250608
S113908_15,1,1,1,1,1,0,0,20250609,20250818
S109695_15,1,1,1,1,1,0,0,20250520,20250608
S113909_15,1,1,1,1,1,0,0,20250609,20250818
S109696_32,1,1,1,1,1,0,0,20250520,20250608
S109696_13,1,1,1,1,1,0,0,20250520,20250608
S113910_32,1,1,1,1,1,0,0,20250609,20250818
S113910_13,1,1,1,1,1,0,0,20250609,20250818
S109697_32,1,1,1,1,1,0,0,20250520,20250608
S113911_32,1,1,1,1,1,0,0,20250609,20250818
S109698_15,1,1,1,1,1,0,0,20250520,20250608
S113912_15,1,1,1,1,1,0,0,20250609,20250818
S109699_32,1,1,1,1,1,0,0,20250520,20250608
S109699_13,1,1,1,1,1,0,0,20250520,20250608
S113913_32,1,1,1,1,1,0,0,20250609,20250818
S109700_32,1,1,1,1,1,0,0,20250520,20250608
S113914_32,1,1,1,1,1,0,0,20250609,20250818
S109701_15,1,1,1,1,1,0,0,20250520,20250608
S113915_15,1,1,1,1,1,0,0,20250609,20250818
S109702_15,1,1,1,1,1,0,0,20250520,20250608
S113916_15,1,1,1,1,1,0,0,20250609,20250818
S109703_15,1,1,1,1,1,0,0,20250520,20250608
S113917_15,1,1,1,1,1,0,0,20250609,20250818
S109704_15,1,1,1,1,1,0,0,20250520,20250608
S113918_15,1,1,1,1,1,0,0,20250609,20250818
S109705_32,1,1,1,1,1,0,0,20250520,20250608
S109705_13,1,1,1,1,1,0,0,20250520,20250608
S113919_32,1,1,1,1,1,0,0,20250609,20250818
S113919_13,1,1,1,1,1,0,0,20250609,20250818
S109706_32,1,1,1,1,1,0,0,20250520,20250608
S113920_32,1,1,1,1,1,0,0,20250609,20250818
S109707_15,1,1,1,1,1,0,0,20250520,20250608
S113921_15,1,1,1,1,1,0,0,20250609,20250818
S106672_32,1,1,1,1,1,0,0,20250520,20250608
S106672_14,0,0,0,0,0,1,0,20250520,20250608
S106672_13,1,1,1,1,1,0,0,20250520,20250608
S113956_32,1,1,1,1,1,0,0,20250609,20250818
S113956_14,0,0,0,0,0,1,0,20250609,20250818
S113956_13,1,1,1,1,1,0,0,20250609,20250818
S106673_32,1,1,1,1,1,0,0,20250520,20250608
S106673_21,0,0,0,0,0,0,1,20250520,20250608
S106673_13,1,1,1,1,1,0,0,20250520,20250608
S113957_32,1,1,1,1,1,0,0,20250609,20250818
S113957_21,0,0,0,0,0,0,1,20250609,20250818
S113957_13,1,1,1,1,1,0,0,20250609,20250818
S106674_15,1,1,1,1,1,0,0,20250520,20250608
S113958_15,1,1,1,1,1,0,0,20250609,20250818
S106675_15,1,1,1,1,1,0,0,20250520,20250608
S113959_15,1,1,1,1,1,0,0,20250609,20250818
S106676_32,1,1,1,1,1,0,0,20250520,20250608
S106676_14,0,0,0,0,0,1,0,20250520,20250608
S106676_13,1,1,1,1,1,0,0,20250520,20250608
S113960_32,1,1,1,1,1,0,0,20250609,20250818
S113960_14,0,0,0,0,0,1,0,20250609,20250818
S113960_13,1,1,1,1,1,0,0,20250609,20250818
S106677_32,1,1,1,1,1,0,0,20250520,20250608
S106677_21,0,0,0,0,0,0,1,20250520,20250608
S113961_32,1,1,1,1,1,0,0,20250609,20250818
S113961_21,0,0,0,0,0,0,1,20250609,20250818
S106678_32,1,1,1,1,1,0,0,20250520,20250608
S113962_32,1,1,1,1,1,0,0,20250609,20250818
S106679_15,1,1,1,1,1,0,0,20250520,20250608
S113963_15,1,1,1,1,1,0,0,20250609,20250818
S106680_15,1,1,1,1,1,0,0,20250520,20250608
S113964_15,1,1,1,1,1,0,0,20250609,20250818
S112740_32,1,1,1,1,1,0,0,20250609,20250818
S112741_32,1,1,1,1,1,0,0,20250609,20250818
S113781_645,0,0,0,0,0,1,0,20250520,20250524
S115975_645,0,0,0,0,0,1,0,20250525,20250818
S113782_645,0,0,0,0,0,1,0,20250520,20250524
S115976_645,0,0,0,0,0,1,0,20250525,20250818
S106012_32,1,1,1,1,1,0,0,20250520,20250608
S106012_21,0,0,0,0,0,0,1,20250520,20250608
S106012_14,0,0,0,0,0,1,0,20250520,20250608
S106012_13,1,1,1,1,1,0,0,20250520,20250608
S114605_32,1,1,1,1,1,0,0,20250609,20250818
S114605_21,0,0,0,0,0,0,1,20250609,20250818
S114605_14,0,0,0,0,0,1,0,20250609,20250818
S114605_13,1,1,1,1,1,0,0,20250609,20250818
S106014_15,1,1,1,1,1,0,0,20250520,20250608
S114606_15,1,1,1,1,1,0,0,20250609,20250818
S105997_32,1,1,1,1,1,0,0,20250520,20250608
S105997_21,0,0,0,0,0,0,1,20250520,20250608
S105997_14,0,0,0,0,0,1,0,20250520,20250608
S105997_13,1,1,1,1,1,0,0,20250520,20250608
S114607_32,1,1,1,1,1,0,0,20250609,20250818
S114607_21,0,0,0,0,0,0,1,20250609,20250818
S114607_14,0,0,0,0,0,1,0,20250609,20250818
S114607_13,1,1,1,1,1,0,0,20250609,20250818
S105998_32,1,1,1,1,1,0,0,20250520,20250608
S114608_32,1,1,1,1,1,0,0,20250609,20250818
S105999_32,1,1,1,1,1,0,0,20250520,20250608
S114609_32,1,1,1,1,1,0,0,20250609,20250818
S106000_15,1,1,1,1,1,0,0,20250520,20250608
S114610_15,1,1,1,1,1,0,0,20250609,20250818
S115309_32,1,1,1,1,1,0,0,20250520,20250608
S115309_21,0,0,0,0,0,0,1,20250520,20250608
S115309_14,0,0,0,0,0,1,0,20250520,20250608
S113222_32,1,1,1,1,1,0,0,20250609,20250818
S113222_21,0,0,0,0,0,0,1,20250609,20250818
S113222_14,0,0,0,0,0,1,0,20250609,20250818
S115310_32,1,1,1,1,1,0,0,20250520,20250608
S113223_32,1,1,1,1,1,0,0,20250609,20250818
S114702_32,1,1,1,1,1,0,0,20250520,20250608
S114702_21,0,0,0,0,0,0,1,20250520,20250608
S114702_14,0,0,0,0,0,1,0,20250520,20250608
S114093_32,1,1,1,1,1,0,0,20250609,20250818
S114093_21,0,0,0,0,0,0,1,20250609,20250818
S114093_14,0,0,0,0,0,1,0,20250609,20250818
S114703_32,1,1,1,1,1,0,0,20250520,20250608
S114094_32,1,1,1,1,1,0,0,20250609,20250818
S114704_32,1,1,1,1,1,0,0,20250520,20250608
S114095_32,1,1,1,1,1,0,0,20250609,20250818
S114705_15,1,1,1,1,1,0,0,20250520,20250608
S114705_32,1,1,1,1,1,0,0,20250520,20250608
S114096_15,1,1,1,1,1,0,0,20250609,20250818
S114096_32,1,1,1,1,1,0,0,20250609,20250818
S114706_32,1,1,1,1,1,0,0,20250520,20250608
S114706_14,0,0,0,0,0,1,0,20250520,20250608
S114097_32,1,1,1,1,1,0,0,20250609,20250818
S114097_14,0,0,0,0,0,1,0,20250609,20250818
S111063_32,1,1,1,1,1,0,0,20250520,20250608
S114099_32,1,1,1,1,1,0,0,20250609,20250818
S114708_32,1,1,1,1,1,0,0,20250520,20250608
S114708_21,0,0,0,0,0,0,1,20250520,20250608
S114708_14,0,0,0,0,0,1,0,20250520,20250608
S114100_32,1,1,1,1,1,0,0,20250609,20250818
S114100_21,0,0,0,0,0,0,1,20250609,20250818
S114100_14,0,0,0,0,0,1,0,20250609,20250818
S114709_32,1,1,1,1,1,0,0,20250520,20250608
S114101_32,1,1,1,1,1,0,0,20250609,20250818
S111065_15,1,1,1,1,1,0,0,20250520,20250608
S114102_15,1,1,1,1,1,0,0,20250609,20250818
S114688_32,1,1,1,1,1,0,0,20250520,20250608
S114688_21,0,0,0,0,0,0,1,20250520,20250608
S114103_32,1,1,1,1,1,0,0,20250609,20250818
S114103_21,0,0,0,0,0,0,1,20250609,20250818
S114689_32,1,1,1,1,1,0,0,20250520,20250608
S114104_32,1,1,1,1,1,0,0,20250609,20250818
S104275_15,1,1,1,1,1,0,0,20250520,20250608
S113306_15,1,1,1,1,1,0,0,20250609,20250818
S103520_15,1,1,1,1,1,0,0,20250520,20250608
S103520_32,1,1,1,1,1,0,0,20250520,20250608
S103520_21,0,0,0,0,0,0,1,20250520,20250608
S103520_14,0,0,0,0,0,1,0,20250520,20250608
S103520_13,1,1,1,1,1,0,0,20250520,20250608
S113746_15,1,1,1,1,1,0,0,20250609,20250818
S113746_32,1,1,1,1,1,0,0,20250609,20250818
S113746_21,0,0,0,0,0,0,1,20250609,20250818
S113746_14,0,0,0,0,0,1,0,20250609,20250818
S113746_13,1,1,1,1,1,0,0,20250609,20250818
S103521_15,1,1,1,1,1,0,0,20250520,20250608
S113747_15,1,1,1,1,1,0,0,20250609,20250818
S103522_15,1,1,1,1,1,0,0,20250520,20250608
S113748_15,1,1,1,1,1,0,0,20250609,20250818
S107272_15,1,1,1,1,1,0,0,20250520,20250608
S113749_15,1,1,1,1,1,0,0,20250609,20250818
S103524_15,1,1,1,1,1,0,0,20250520,20250608
S113750_15,1,1,1,1,1,0,0,20250609,20250818
S103712_21,0,0,0,0,0,0,1,20250520,20250608
S103712_32,1,1,1,1,1,0,0,20250520,20250608
S103712_14,0,0,0,0,0,1,0,20250520,20250608
S113755_21,0,0,0,0,0,0,1,20250609,20250818
S113755_32,1,1,1,1,1,0,0,20250609,20250818
S113755_14,0,0,0,0,0,1,0,20250609,20250818
S103713_32,1,1,1,1,1,0,0,20250520,20250608
S113756_32,1,1,1,1,1,0,0,20250609,20250818
S107438_21,0,0,0,0,0,0,1,20250520,20250608
S107438_32,1,1,1,1,1,0,0,20250520,20250608
S107438_14,0,0,0,0,0,1,0,20250520,20250608
S107438_10,0,0,0,0,1,0,0,20250520,20250608
S113762_21,0,0,0,0,0,0,1,20250609,20250818
S113762_32,1,1,1,1,1,0,0,20250609,20250818
S113762_14,0,0,0,0,0,1,0,20250609,20250818
S113762_10,0,0,0,0,1,0,0,20250609,20250818
S113772_15,1,1,1,1,1,0,0,20250609,20250818
S113773_15,1,1,1,1,1,0,0,20250609,20250818
S114114_21,0,0,0,0,0,0,1,20250520,20250524
S114114_32,1,1,1,1,1,0,0,20250520,20250524
S114114_14,0,0,0,0,0,1,0,20250520,20250524
S114114_10,0,0,0,0,1,0,0,20250520,20250524
S115906_21,0,0,0,0,0,0,1,20250525,20250818
S115906_32,1,1,1,1,1,0,0,20250525,20250818
S115906_14,0,0,0,0,0,1,0,20250525,20250818
S115906_10,0,0,0,0,1,0,0,20250525,20250818
S106662_15,1,1,1,1,1,0,0,20250520,20250608
S106662_32,1,1,1,1,1,0,0,20250520,20250608
S106662_13,1,1,1,1,1,0,0,20250520,20250608
S113630_15,1,1,1,1,1,0,0,20250609,20250818
S113630_32,1,1,1,1,1,0,0,20250609,20250818
S113630_13,1,1,1,1,1,0,0,20250609,20250818
S106663_15,1,1,1,1,1,0,0,20250520,20250608
S113631_15,1,1,1,1,1,0,0,20250609,20250818
S106664_15,1,1,1,1,1,0,0,20250520,20250608
S113632_15,1,1,1,1,1,0,0,20250609,20250818
S106665_15,1,1,1,1,1,0,0,20250520,20250608
S106665_32,1,1,1,1,1,0,0,20250520,20250608
S106665_21,0,0,0,0,0,0,1,20250520,20250608
S106665_14,0,0,0,0,0,1,0,20250520,20250608
S106665_13,1,1,1,1,1,0,0,20250520,20250608
S113637_15,1,1,1,1,1,0,0,20250609,20250818
S113637_32,1,1,1,1,1,0,0,20250609,20250818
S113637_21,0,0,0,0,0,0,1,20250609,20250818
S113637_14,0,0,0,0,0,1,0,20250609,20250818
S113637_13,1,1,1,1,1,0,0,20250609,20250818
S106666_21,0,0,0,0,0,0,1,20250520,20250608
S106666_32,1,1,1,1,1,0,0,20250520,20250608
S106666_14,0,0,0,0,0,1,0,20250520,20250608
S113638_21,0,0,0,0,0,0,1,20250609,20250818
S113638_32,1,1,1,1,1,0,0,20250609,20250818
S113638_14,0,0,0,0,0,1,0,20250609,20250818
S106667_15,1,1,1,1,1,0,0,20250520,20250608
S113639_15,1,1,1,1,1,0,0,20250609,20250818
S106668_15,1,1,1,1,1,0,0,20250520,20250608
S113640_15,1,1,1,1,1,0,0,20250609,20250818
S106669_32,1,1,1,1,1,0,0,20250520,20250608
S106669_14,0,0,0,0,0,1,0,20250520,20250608
S106669_13,1,1,1,1,1,0,0,20250520,20250608
S113641_32,1,1,1,1,1,0,0,20250609,20250818
S113641_14,0,0,0,0,0,1,0,20250609,20250818
S113641_13,1,1,1,1,1,0,0,20250609,20250818
S106670_19,0,0,1,0,0,0,0,20250520,20250608
S106670_42,1,1,0,1,1,0,0,20250520,20250608
S113642_19,0,0,1,0,0,0,0,20250609,20250818
S113642_42,1,1,0,1,1,0,0,20250609,20250818
S106671_15,1,1,1,1,1,0,0,20250520,20250608
S113643_15,1,1,1,1,1,0,0,20250609,20250818
S106643_15,1,1,1,1,1,0,0,20250520,20250608
S106643_21,0,0,0,0,0,0,1,20250520,20250608
S106643_32,1,1,1,1,1,0,0,20250520,20250608
S106643_14,0,0,0,0,0,1,0,20250520,20250608
S106643_13,1,1,1,1,1,0,0,20250520,20250608
S113655_15,1,1,1,1,1,0,0,20250609,20250818
S113655_21,0,0,0,0,0,0,1,20250609,20250818
S113655_32,1,1,1,1,1,0,0,20250609,20250818
S113655_14,0,0,0,0,0,1,0,20250609,20250818
S113655_13,1,1,1,1,1,0,0,20250609,20250818
S106644_15,1,1,1,1,1,0,0,20250520,20250608
S113656_15,1,1,1,1,1,0,0,20250609,20250818
S106645_15,1,1,1,1,1,0,0,20250520,20250608
S113657_15,1,1,1,1,1,0,0,20250609,20250818
S106646_15,1,1,1,1,1,0,0,20250520,20250608
S113658_15,1,1,1,1,1,0,0,20250609,20250818
S106647_21,0,0,0,0,0,0,1,20250520,20250608
S106647_32,1,1,1,1,1,0,0,20250520,20250608
S106647_14,0,0,0,0,0,1,0,20250520,20250608
S106647_13,1,1,1,1,1,0,0,20250520,20250608
S113659_21,0,0,0,0,0,0,1,20250609,20250818
S113659_32,1,1,1,1,1,0,0,20250609,20250818
S113659_14,0,0,0,0,0,1,0,20250609,20250818
S113659_13,1,1,1,1,1,0,0,20250609,20250818
S106648_15,1,1,1,1,1,0,0,20250520,20250608
S113660_15,1,1,1,1,1,0,0,20250609,20250818
S106649_15,1,1,1,1,1,0,0,20250520,20250608
S113661_15,1,1,1,1,1,0,0,20250609,20250818
S106650_15,1,1,1,1,1,0,0,20250520,20250608
S113662_15,1,1,1,1,1,0,0,20250609,20250818
S102667_32,1,1,1,1,1,0,0,20250520,20250608
S102667_21,0,0,0,0,0,0,1,20250520,20250608
S102667_14,0,0,0,0,0,1,0,20250520,20250608
S113663_32,1,1,1,1,1,0,0,20250609,20250818
S113663_21,0,0,0,0,0,0,1,20250609,20250818
S113663_14,0,0,0,0,0,1,0,20250609,20250818
S102675_32,1,1,1,1,1,0,0,20250520,20250608
S102675_21,0,0,0,0,0,0,1,20250520,20250608
S102675_14,0,0,0,0,0,1,0,20250520,20250608
S113664_32,1,1,1,1,1,0,0,20250609,20250818
S113664_21,0,0,0,0,0,0,1,20250609,20250818
S113664_14,0,0,0,0,0,1,0,20250609,20250818
S111140_15,1,1,1,1,1,0,0,20250609,20250818
S111140_32,1,1,1,1,1,0,0,20250609,20250818
S111140_21,0,0,0,0,0,0,1,20250609,20250818
S111140_14,0,0,0,0,0,1,0,20250609,20250818
S111140_13,1,1,1,1,1,0,0,20250609,20250818
S111141_21,0,0,0,0,0,0,1,20250609,20250818
S111141_14,0,0,0,0,0,1,0,20250609,20250818
S113146_32,1,1,1,1,1,0,0,20250609,20250818
S113147_32,1,1,1,1,1,0,0,20250609,20250818
S113148_21,0,0,0,0,0,0,1,20250609,20250818
S113148_32,1,1,1,1,1,0,0,20250609,20250818
S113148_14,0,0,0,0,0,1,0,20250609,20250818
S113149_32,1,1,1,1,1,0,0,20250609,20250818
S113149_21,0,0,0,0,0,0,1,20250609,20250818
S113149_14,0,0,0,0,0,1,0,20250609,20250818
S114492_32,1,1,1,1,1,0,0,20250520,20250608
S114492_21,0,0,0,0,0,0,1,20250520,20250608
S114492_14,0,0,0,0,0,1,0,20250520,20250608
S113361_32,1,1,1,1,1,0,0,20250609,20250818
S113361_21,0,0,0,0,0,0,1,20250609,20250818
S113361_14,0,0,0,0,0,1,0,20250609,20250818
S114493_32,1,1,1,1,1,0,0,20250520,20250608
S114493_21,0,0,0,0,0,0,1,20250520,20250608
S114493_14,0,0,0,0,0,1,0,20250520,20250608
S113362_32,1,1,1,1,1,0,0,20250609,20250818
S113362_21,0,0,0,0,0,0,1,20250609,20250818
S113362_14,0,0,0,0,0,1,0,20250609,20250818
S114494_32,1,1,1,1,1,0,0,20250520,20250608
S114494_21,0,0,0,0,0,0,1,20250520,20250608
S113363_32,1,1,1,1,1,0,0,20250609,20250818
S113363_21,0,0,0,0,0,0,1,20250609,20250818
S114495_32,1,1,1,1,1,0,0,20250520,20250608
S113364_32,1,1,1,1,1,0,0,20250609,20250818
S114496_32,1,1,1,1,1,0,0,20250520,20250608
S114496_14,0,0,0,0,0,1,0,20250520,20250608
S113365_32,1,1,1,1,1,0,0,20250609,20250818
S113365_14,0,0,0,0,0,1,0,20250609,20250818
S114497_32,1,1,1,1,1,0,0,20250520,20250608
S113366_32,1,1,1,1,1,0,0,20250609,20250818
S114498_15,1,1,1,1,1,0,0,20250520,20250608
S113367_15,1,1,1,1,1,0,0,20250609,20250818
S114499_32,1,1,1,1,1,0,0,20250520,20250608
S114499_21,0,0,0,0,0,0,1,20250520,20250608
S114499_14,0,0,0,0,0,1,0,20250520,20250608
S113368_32,1,1,1,1,1,0,0,20250609,20250818
S113368_21,0,0,0,0,0,0,1,20250609,20250818
S113368_14,0,0,0,0,0,1,0,20250609,20250818
S114500_32,1,1,1,1,1,0,0,20250520,20250608
S114500_14,0,0,0,0,0,1,0,20250520,20250608
S113369_32,1,1,1,1,1,0,0,20250609,20250818
S113369_14,0,0,0,0,0,1,0,20250609,20250818
S114501_32,1,1,1,1,1,0,0,20250520,20250608
S114501_21,0,0,0,0,0,0,1,20250520,20250608
S114501_14,0,0,0,0,0,1,0,20250520,20250608
S113370_32,1,1,1,1,1,0,0,20250609,20250818
S113370_21,0,0,0,0,0,0,1,20250609,20250818
S113370_14,0,0,0,0,0,1,0,20250609,20250818
S114502_32,1,1,1,1,1,0,0,20250520,20250608
S114502_21,0,0,0,0,0,0,1,20250520,20250608
S114502_14,0,0,0,0,0,1,0,20250520,20250608
S113371_32,1,1,1,1,1,0,0,20250609,20250818
S113371_21,0,0,0,0,0,0,1,20250609,20250818
S113371_14,0,0,0,0,0,1,0,20250609,20250818
S114503_32,1,1,1,1,1,0,0,20250520,20250608
S114503_14,0,0,0,0,0,1,0,20250520,20250608
S113372_32,1,1,1,1,1,0,0,20250609,20250818
S113372_14,0,0,0,0,0,1,0,20250609,20250818
S114504_32,1,1,1,1,1,0,0,20250520,20250608
S114504_14,0,0,0,0,0,1,0,20250520,20250608
S113373_32,1,1,1,1,1,0,0,20250609,20250818
S113373_14,0,0,0,0,0,1,0,20250609,20250818
S113839_15,1,1,1,1,1,0,0,20250609,20250818
S113840_15,1,1,1,1,1,0,0,20250609,20250818
S113848_15,1,1,1,1,1,0,0,20250609,20250818
S113850_15,1,1,1,1,1,0,0,20250609,20250818
S113851_15,1,1,1,1,1,0,0,20250609,20250818
S113873_15,1,1,1,1,1,0,0,20250609,20250818
S106222_15,1,1,1,1,1,0,0,20250520,20250608
S104534_21,0,0,0,0,0,0,1,20250520,20250524
S104534_32,1,1,1,1,1,0,0,20250520,20250524
S104534_14,0,0,0,0,0,1,0,20250520,20250524
S115888_21,0,0,0,0,0,0,1,20250525,20250818
S115888_32,1,1,1,1,1,0,0,20250525,20250818
S115888_14,0,0,0,0,0,1,0,20250525,20250818
S106624_32,1,1,1,1,1,0,0,20250520,20250524
S106624_14,0,0,0,0,0,1,0,20250520,20250524
S106624_13,1,1,1,1,1,0,0,20250520,20250524
S115889_32,1,1,1,1,1,0,0,20250525,20250818
S115889_14,0,0,0,0,0,1,0,20250525,20250818
S115889_13,1,1,1,1,1,0,0,20250525,20250818
S106625_15,1,1,1,1,1,0,0,20250520,20250524
S115890_15,1,1,1,1,1,0,0,20250525,20250818
S106626_32,1,1,1,1,1,0,0,20250520,20250524
S115891_32,1,1,1,1,1,0,0,20250525,20250818
S106627_15,1,1,1,1,1,0,0,20250520,20250524
S115892_15,1,1,1,1,1,0,0,20250525,20250818
S106628_15,1,1,1,1,1,0,0,20250520,20250524
S115893_15,1,1,1,1,1,0,0,20250525,20250818
S106638_32,1,1,1,1,1,0,0,20250520,20250524
S106638_14,0,0,0,0,0,1,0,20250520,20250524
S115894_32,1,1,1,1,1,0,0,20250525,20250818
S115894_14,0,0,0,0,0,1,0,20250525,20250818
S106639_32,1,1,1,1,1,0,0,20250520,20250524
S115895_32,1,1,1,1,1,0,0,20250525,20250818
S112742_32,1,1,1,1,1,0,0,20250609,20250818
S112743_32,1,1,1,1,1,0,0,20250609,20250818
S104664_32,1,1,1,1,1,0,0,20250520,20250608
S104664_21,0,0,0,0,0,0,1,20250520,20250608
S104664_14,0,0,0,0,0,1,0,20250520,20250608
S104664_13,1,1,1,1,1,0,0,20250520,20250608
S113173_32,1,1,1,1,1,0,0,20250609,20250818
S113173_21,0,0,0,0,0,0,1,20250609,20250818
S113173_14,0,0,0,0,0,1,0,20250609,20250818
S113173_13,1,1,1,1,1,0,0,20250609,20250818
S104665_32,1,1,1,1,1,0,0,20250520,20250608
S113174_32,1,1,1,1,1,0,0,20250609,20250818
S104667_15,1,1,1,1,1,0,0,20250520,20250608
S113175_15,1,1,1,1,1,0,0,20250609,20250818
S104666_15,1,1,1,1,1,0,0,20250520,20250608
S113176_15,1,1,1,1,1,0,0,20250609,20250818
S108603_32,1,1,1,1,1,0,0,20250520,20250608
S108603_21,0,0,0,0,0,0,1,20250520,20250608
S108603_14,0,0,0,0,0,1,0,20250520,20250608
S113177_32,1,1,1,1,1,0,0,20250609,20250818
S113177_21,0,0,0,0,0,0,1,20250609,20250818
S113177_14,0,0,0,0,0,1,0,20250609,20250818
S108602_32,1,1,1,1,1,0,0,20250520,20250608
S113178_32,1,1,1,1,1,0,0,20250609,20250818
S108604_15,1,1,1,1,1,0,0,20250520,20250608
S113179_15,1,1,1,1,1,0,0,20250609,20250818
S104737_32,1,1,1,1,1,0,0,20250520,20250608
S104737_21,0,0,0,0,0,0,1,20250520,20250608
S104737_14,0,0,0,0,0,1,0,20250520,20250608
S113180_32,1,1,1,1,1,0,0,20250609,20250818
S113180_21,0,0,0,0,0,0,1,20250609,20250818
S113180_14,0,0,0,0,0,1,0,20250609,20250818
S108605_32,1,1,1,1,1,0,0,20250520,20250608
S108605_21,0,0,0,0,0,0,1,20250520,20250608
S108605_14,0,0,0,0,0,1,0,20250520,20250608
S113181_32,1,1,1,1,1,0,0,20250609,20250818
S113181_21,0,0,0,0,0,0,1,20250609,20250818
S113181_14,0,0,0,0,0,1,0,20250609,20250818
S114464_32,1,1,1,1,1,0,0,20250520,20250608
S113241_32,1,1,1,1,1,0,0,20250609,20250818
S104096_21,0,0,0,0,0,0,1,20250520,20250608
S104096_32,1,1,1,1,1,0,0,20250520,20250608
S104096_14,0,0,0,0,0,1,0,20250520,20250608
S108610_32,1,1,1,1,1,0,0,20250520,20250608
S108610_21,0,0,0,0,0,0,1,20250520,20250608
S108610_14,0,0,0,0,0,1,0,20250520,20250608
S112757_32,1,1,1,1,1,0,0,20250520,20250608
S112757_21,0,0,0,0,0,0,1,20250520,20250608
S112757_14,0,0,0,0,0,1,0,20250520,20250608
S113224_32,1,1,1,1,1,0,0,20250609,20250818
S113224_21,0,0,0,0,0,0,1,20250609,20250818
S113224_14,0,0,0,0,0,1,0,20250609,20250818
S112758_32,1,1,1,1,1,0,0,20250520,20250608
S113225_32,1,1,1,1,1,0,0,20250609,20250818
S107967_21,0,0,0,0,0,0,1,20250520,20250608
S107967_32,1,1,1,1,1,0,0,20250520,20250608
S107967_14,0,0,0,0,0,1,0,20250520,20250608
S107967_13,1,1,1,1,1,0,0,20250520,20250608
S113233_21,0,0,0,0,0,0,1,20250609,20250818
S113233_32,1,1,1,1,1,0,0,20250609,20250818
S113233_14,0,0,0,0,0,1,0,20250609,20250818
S113233_13,1,1,1,1,1,0,0,20250609,20250818
S107968_15,1,1,1,1,1,0,0,20250520,20250608
S113234_15,1,1,1,1,1,0,0,20250609,20250818
S107969_15,1,1,1,1,1,0,0,20250520,20250608
S113235_15,1,1,1,1,1,0,0,20250609,20250818
S107970_21,0,0,0,0,0,0,1,20250520,20250608
S107970_14,0,0,0,0,0,1,0,20250520,20250608
S113236_21,0,0,0,0,0,0,1,20250609,20250818
S113236_14,0,0,0,0,0,1,0,20250609,20250818
S107971_32,1,1,1,1,1,0,0,20250520,20250608
S113237_32,1,1,1,1,1,0,0,20250609,20250818
S107972_32,1,1,1,1,1,0,0,20250520,20250608
S107972_21,0,0,0,0,0,0,1,20250520,20250608
S107972_14,0,0,0,0,0,1,0,20250520,20250608
S107972_13,1,1,1,1,1,0,0,20250520,20250608
S113238_32,1,1,1,1,1,0,0,20250609,20250818
S113238_21,0,0,0,0,0,0,1,20250609,20250818
S113238_14,0,0,0,0,0,1,0,20250609,20250818
S113238_13,1,1,1,1,1,0,0,20250609,20250818
S107973_32,1,1,1,1,1,0,0,20250520,20250608
S107973_14,0,0,0,0,0,1,0,20250520,20250608
S113239_32,1,1,1,1,1,0,0,20250609,20250818
S113239_14,0,0,0,0,0,1,0,20250609,20250818
S107975_15,1,1,1,1,1,0,0,20250520,20250608
S113240_15,1,1,1,1,1,0,0,20250609,20250818
S113245_32,1,1,1,1,1,0,0,20250609,20250818
S113246_32,1,1,1,1,1,0,0,20250609,20250818
S104276_15,1,1,1,1,1,0,0,20250520,20250608
S113307_15,1,1,1,1,1,0,0,20250609,20250818
S113837_15,1,1,1,1,1,0,0,20250609,20250818
S113872_15,1,1,1,1,1,0,0,20250609,20250818
S111152_32,1,1,1,1,1,0,0,20250609,20250818
S111152_21,0,0,0,0,0,0,1,20250609,20250818
S111152_14,0,0,0,0,0,1,0,20250609,20250818
S111152_13,1,1,1,1,1,0,0,20250609,20250818
S111153_15,1,1,1,1,1,0,0,20250609,20250818
S111153_32,1,1,1,1,1,0,0,20250609,20250818
S111153_21,0,0,0,0,0,0,1,20250609,20250818
S111153_14,0,0,0,0,0,1,0,20250609,20250818
S111153_13,1,1,1,1,1,0,0,20250609,20250818
S106231_32,1,1,1,1,1,0,0,20250520,20250608
S106231_21,0,0,0,0,0,0,1,20250520,20250608
S106231_14,0,0,0,0,0,1,0,20250520,20250608
S106231_13,1,1,1,1,1,0,0,20250520,20250608
S111172_32,1,1,1,1,1,0,0,20250609,20250818
S106228_32,1,1,1,1,1,0,0,20250520,20250608
S106228_21,0,0,0,0,0,0,1,20250520,20250608
S106228_14,0,0,0,0,0,1,0,20250520,20250608
S106228_13,1,1,1,1,1,0,0,20250520,20250608
S106228_10,0,0,0,0,1,0,0,20250520,20250608
S111171_32,1,1,1,1,1,0,0,20250609,20250818
S111173_21,0,0,0,0,0,0,1,20250609,20250818
S111173_32,1,1,1,1,1,0,0,20250609,20250818
S111173_14,0,0,0,0,0,1,0,20250609,20250818
S111174_21,0,0,0,0,0,0,1,20250609,20250818
S111174_32,1,1,1,1,1,0,0,20250609,20250818
S111174_14,0,0,0,0,0,1,0,20250609,20250818
S111181_32,1,1,1,1,1,0,0,20250609,20250818
S111182_32,1,1,1,1,1,0,0,20250609,20250818
S104270_32,1,1,1,1,1,0,0,20250520,20250608
S104270_14,0,0,0,0,0,1,0,20250520,20250608
S104270_13,1,1,1,1,1,0,0,20250520,20250608
S111187_32,1,1,1,1,1,0,0,20250609,20250818
S111187_21,0,0,0,0,0,0,1,20250609,20250818
S111187_14,0,0,0,0,0,1,0,20250609,20250818
S111187_13,1,1,1,1,1,0,0,20250609,20250818
S112735_358,1,1,1,1,1,0,0,20250608,20250818
S112735_375,0,0,0,0,0,0,1,20250608,20250818
S112735_369,0,0,0,0,0,1,0,20250608,20250818
S112735_363,0,0,0,0,1,0,0,20250608,20250818
S112736_358,1,1,1,1,1,0,0,20250608,20250818
S74169_358,1,1,1,1,1,0,0,20250520,20250607
S91011_358,1,1,1,1,1,0,0,20250520,20250607
S101066_369,0,0,0,0,0,1,0,20250520,20250607
S101066_375,0,0,0,0,0,0,1,20250520,20250607
S101067_375,0,0,0,0,0,0,1,20250520,20250607
S101067_369,0,0,0,0,0,1,0,20250520,20250607
S74172_358,1,1,1,1,1,0,0,20250520,20250607
S101068_375,0,0,0,0,0,0,1,20250520,20250607
S101068_369,0,0,0,0,0,1,0,20250520,20250607
S101069_375,0,0,0,0,0,0,1,20250520,20250607
S101069_369,0,0,0,0,0,1,0,20250520,20250607
S113247_32,1,1,1,1,1,0,0,20250609,20250818
S113247_14,0,0,0,0,0,1,0,20250609,20250818
S113248_32,1,1,1,1,1,0,0,20250609,20250818
S113248_14,0,0,0,0,0,1,0,20250609,20250818
S113603_15,1,1,1,1,1,0,0,20250609,20250818
S113603_32,1,1,1,1,1,0,0,20250609,20250818
S113836_32,1,1,1,1,1,0,0,20250609,20250818
S113849_15,1,1,1,1,1,0,0,20250609,20250818
S114547_32,1,1,1,1,1,0,0,20250609,20250818
S114547_21,0,0,0,0,0,0,1,20250609,20250818
S114547_14,0,0,0,0,0,1,0,20250609,20250818
S114548_15,1,1,1,1,1,0,0,20250609,20250818
S114549_15,1,1,1,1,1,0,0,20250609,20250818
S114550_32,1,1,1,1,1,0,0,20250609,20250818
S114550_21,0,0,0,0,0,0,1,20250609,20250818
S114550_14,0,0,0,0,0,1,0,20250609,20250818
S114551_15,1,1,1,1,1,0,0,20250609,20250818
S114552_32,1,1,1,1,1,0,0,20250609,20250818
S114552_14,0,0,0,0,0,1,0,20250609,20250818
S114553_15,1,1,1,1,1,0,0,20250609,20250818
S114554_15,1,1,1,1,1,0,0,20250609,20250818
S87793_358,1,1,1,1,1,0,0,20250520,20250607
S87793_363,0,0,0,0,1,0,0,20250520,20250607
S112737_358,1,1,1,1,1,0,0,20250608,20250818
S112737_375,0,0,0,0,0,0,1,20250608,20250818
S112737_369,0,0,0,0,0,1,0,20250608,20250818
S112737_363,0,0,0,0,1,0,0,20250608,20250818
S87792_358,1,1,1,1,1,0,0,20250520,20250607
S87792_363,0,0,0,0,1,0,0,20250520,20250607
S112738_358,1,1,1,1,1,0,0,20250608,20250818
S112738_375,0,0,0,0,0,0,1,20250608,20250818
S112738_369,0,0,0,0,0,1,0,20250608,20250818
S112738_363,0,0,0,0,1,0,0,20250608,20250818
S113877_15,1,1,1,1,1,0,0,20250609,20250818
S113878_15,1,1,1,1,1,0,0,20250609,20250818
S113895_15,1,1,1,1,1,0,0,20250609,20250818
S113896_32,1,1,1,1,1,0,0,20250609,20250818
S113896_21,0,0,0,0,0,0,1,20250609,20250818
S113896_14,0,0,0,0,0,1,0,20250609,20250818
S113897_15,1,1,1,1,1,0,0,20250609,20250818
S113898_32,1,1,1,1,1,0,0,20250609,20250818
S113899_15,1,1,1,1,1,0,0,20250609,20250818
S113900_32,1,1,1,1,1,0,0,20250609,20250818
S113901_21,0,0,0,0,0,0,1,20250609,20250818
S113901_14,0,0,0,0,0,1,0,20250609,20250818
S113902_21,0,0,0,0,0,0,1,20250609,20250818
S113902_32,1,1,1,1,1,0,0,20250609,20250818
S113902_14,0,0,0,0,0,1,0,20250609,20250818
S113903_15,1,1,1,1,1,0,0,20250609,20250818
S113904_15,1,1,1,1,1,0,0,20250609,20250818
S114465_32,1,1,1,1,1,0,0,20250520,20250608
S113242_32,1,1,1,1,1,0,0,20250609,20250818
S114466_32,1,1,1,1,1,0,0,20250520,20250608
S113243_32,1,1,1,1,1,0,0,20250609,20250818
S102692_32,1,1,1,1,1,0,0,20250520,20250608
S102693_15,1,1,1,1,1,0,0,20250520,20250608
S102694_32,1,1,1,1,1,0,0,20250520,20250608
S102695_32,1,1,1,1,1,0,0,20250520,20250608
S102695_21,0,0,0,0,0,0,1,20250520,20250608
S102695_14,0,0,0,0,0,1,0,20250520,20250608
S102695_13,1,1,1,1,1,0,0,20250520,20250608
S102696_15,1,1,1,1,1,0,0,20250520,20250608
S102697_15,1,1,1,1,1,0,0,20250520,20250608
S102697_32,1,1,1,1,1,0,0,20250520,20250608
S102698_21,0,0,0,0,0,0,1,20250520,20250608
S102698_14,0,0,0,0,0,1,0,20250520,20250608
S102699_15,1,1,1,1,1,0,0,20250520,20250608
S102700_15,1,1,1,1,1,0,0,20250520,20250608
S102701_32,1,1,1,1,1,0,0,20250520,20250608
S102701_21,0,0,0,0,0,0,1,20250520,20250608
S102701_14,0,0,0,0,0,1,0,20250520,20250608
S102701_13,1,1,1,1,1,0,0,20250520,20250608
S102702_32,1,1,1,1,1,0,0,20250520,20250608
S102703_21,0,0,0,0,0,0,1,20250520,20250608
S102704_15,1,1,1,1,1,0,0,20250520,20250608
S102705_15,1,1,1,1,1,0,0,20250520,20250608
S105057_32,1,1,1,1,1,0,0,20250520,20250608
S114600_32,1,1,1,1,1,0,0,20250609,20250818
S101070_362,1,1,1,1,1,0,0,20250520,20250607
S101070_380,0,0,0,0,0,0,1,20250520,20250607
S101070_374,0,0,0,0,0,1,0,20250520,20250607
S112713_368,0,0,0,0,1,0,0,20250608,20250818
S112713_362,1,1,1,1,1,0,0,20250608,20250818
S112713_380,0,0,0,0,0,0,1,20250608,20250818
S112713_374,0,0,0,0,0,1,0,20250608,20250818
S101071_368,0,0,0,0,1,0,0,20250520,20250607
S101071_362,1,1,1,1,1,0,0,20250520,20250607
S101071_380,0,0,0,0,0,0,1,20250520,20250607
S101071_374,0,0,0,0,0,1,0,20250520,20250607
S112714_368,0,0,0,0,1,0,0,20250608,20250818
S112714_362,1,1,1,1,1,0,0,20250608,20250818
S112714_380,0,0,0,0,0,0,1,20250608,20250818
S112714_374,0,0,0,0,0,1,0,20250608,20250818
S106652_15,1,1,1,1,1,0,0,20250520,20250608
S106652_32,1,1,1,1,1,0,0,20250520,20250608
S106652_21,0,0,0,0,0,0,1,20250520,20250608
S106652_14,0,0,0,0,0,1,0,20250520,20250608
S113076_15,1,1,1,1,1,0,0,20250609,20250818
S113076_32,1,1,1,1,1,0,0,20250609,20250818
S113076_21,0,0,0,0,0,0,1,20250609,20250818
S113076_14,0,0,0,0,0,1,0,20250609,20250818
S103925_32,1,1,1,1,1,0,0,20250520,20250608
S103925_21,0,0,0,0,0,0,1,20250520,20250608
S103925_14,0,0,0,0,0,1,0,20250520,20250608
S114039_32,1,1,1,1,1,0,0,20250609,20250818
S114039_21,0,0,0,0,0,0,1,20250609,20250818
S114039_14,0,0,0,0,0,1,0,20250609,20250818
S108618_21,0,0,0,0,0,0,1,20250520,20250608
S108618_32,1,1,1,1,1,0,0,20250520,20250608
S108618_14,0,0,0,0,0,1,0,20250520,20250608
S114040_21,0,0,0,0,0,0,1,20250609,20250818
S114040_32,1,1,1,1,1,0,0,20250609,20250818
S114040_14,0,0,0,0,0,1,0,20250609,20250818
S112715_362,1,1,1,1,1,0,0,20250608,20250818
S112716_362,1,1,1,1,1,0,0,20250608,20250818
S113442_32,1,1,1,1,1,0,0,20250609,20250818
S113442_21,0,0,0,0,0,0,1,20250609,20250818
S113442_14,0,0,0,0,0,1,0,20250609,20250818
S106705_32,1,1,1,1,1,0,0,20250520,20250608
S106701_32,1,1,1,1,1,0,0,20250520,20250608
S106657_15,1,1,1,1,1,0,0,20250520,20250608
S113992_15,1,1,1,1,1,0,0,20250609,20250818
S106894_32,1,1,1,1,1,0,0,20250520,20250608
S106894_21,0,0,0,0,0,0,1,20250520,20250608
S106894_14,0,0,0,0,0,1,0,20250520,20250608
S114601_32,1,1,1,1,1,0,0,20250609,20250818
S114601_21,0,0,0,0,0,0,1,20250609,20250818
S114601_14,0,0,0,0,0,1,0,20250609,20250818
S106895_32,1,1,1,1,1,0,0,20250520,20250608
S106895_21,0,0,0,0,0,0,1,20250520,20250608
S106895_14,0,0,0,0,0,1,0,20250520,20250608
S114602_32,1,1,1,1,1,0,0,20250609,20250818
S114602_21,0,0,0,0,0,0,1,20250609,20250818
S114602_14,0,0,0,0,0,1,0,20250609,20250818
S106897_32,1,1,1,1,1,0,0,20250520,20250608
S114603_32,1,1,1,1,1,0,0,20250609,20250818
S106898_21,0,0,0,0,0,0,1,20250520,20250608
S106898_32,1,1,1,1,1,0,0,20250520,20250608
S106898_14,0,0,0,0,0,1,0,20250520,20250608
S114604_21,0,0,0,0,0,0,1,20250609,20250818
S114604_32,1,1,1,1,1,0,0,20250609,20250818
S114604_14,0,0,0,0,0,1,0,20250609,20250818
S113838_32,1,1,1,1,1,0,0,20250609,20250818
S113705_15,1,1,1,1,1,0,0,20250609,20250818
S113706_32,1,1,1,1,1,0,0,20250609,20250818
S113707_15,1,1,1,1,1,0,0,20250609,20250818
S113707_32,1,1,1,1,1,0,0,20250609,20250818
S113707_14,0,0,0,0,0,1,0,20250609,20250818
S113708_15,1,1,1,1,1,0,0,20250609,20250818
S113709_32,1,1,1,1,1,0,0,20250609,20250818
S113710_32,1,1,1,1,1,0,0,20250609,20250818
S106094_15,1,1,1,1,1,0,0,20250520,20250608
S114732_15,1,1,1,1,1,0,0,20250609,20250818
S91632_15,1,1,1,1,1,0,0,20250520,20250608
S114733_15,1,1,1,1,1,0,0,20250609,20250818
S91631_15,1,1,1,1,1,0,0,20250520,20250608
S114734_15,1,1,1,1,1,0,0,20250609,20250818
S113689_15,1,1,1,1,1,0,0,20250609,20250818
S113689_32,1,1,1,1,1,0,0,20250609,20250818
S113690_15,1,1,1,1,1,0,0,20250609,20250818
S113690_32,1,1,1,1,1,0,0,20250609,20250818
S111177_32,1,1,1,1,1,0,0,20250609,20250818
S111177_13,1,1,1,1,1,0,0,20250609,20250818
S111179_15,1,1,1,1,1,0,0,20250609,20250818
S111179_32,1,1,1,1,1,0,0,20250609,20250818
S111179_21,0,0,0,0,0,0,1,20250609,20250818
S111179_14,0,0,0,0,0,1,0,20250609,20250818
S111180_32,1,1,1,1,1,0,0,20250609,20250818
S111180_21,0,0,0,0,0,0,1,20250609,20250818
S111180_14,0,0,0,0,0,1,0,20250609,20250818
S111180_13,1,1,1,1,1,0,0,20250609,20250818
S104266_32,1,1,1,1,1,0,0,20250520,20250608
S104266_14,0,0,0,0,0,1,0,20250520,20250608
S111188_32,1,1,1,1,1,0,0,20250609,20250818
S111188_21,0,0,0,0,0,0,1,20250609,20250818
S111188_14,0,0,0,0,0,1,0,20250609,20250818
S104267_32,1,1,1,1,1,0,0,20250520,20250608
S104267_21,0,0,0,0,0,0,1,20250520,20250608
S104267_14,0,0,0,0,0,1,0,20250520,20250608
S104267_13,1,1,1,1,1,0,0,20250520,20250608
S111189_32,1,1,1,1,1,0,0,20250609,20250818
S111189_21,0,0,0,0,0,0,1,20250609,20250818
S111189_14,0,0,0,0,0,1,0,20250609,20250818
S111189_13,1,1,1,1,1,0,0,20250609,20250818
S104273_32,1,1,1,1,1,0,0,20250520,20250608
S104273_21,0,0,0,0,0,0,1,20250520,20250608
S104273_14,0,0,0,0,0,1,0,20250520,20250608
S111190_32,1,1,1,1,1,0,0,20250609,20250818
S111190_21,0,0,0,0,0,0,1,20250609,20250818
S111190_14,0,0,0,0,0,1,0,20250609,20250818
S106209_32,1,1,1,1,1,0,0,20250520,20250608
S106207_21,0,0,0,0,0,0,1,20250520,20250608
S106207_32,1,1,1,1,1,0,0,20250520,20250608
S106207_14,0,0,0,0,0,1,0,20250520,20250608
S113155_21,0,0,0,0,0,0,1,20250609,20250818
S113155_32,1,1,1,1,1,0,0,20250609,20250818
S113155_14,0,0,0,0,0,1,0,20250609,20250818
S106208_21,0,0,0,0,0,0,1,20250520,20250608
S106208_32,1,1,1,1,1,0,0,20250520,20250608
S106208_14,0,0,0,0,0,1,0,20250520,20250608
S113156_32,1,1,1,1,1,0,0,20250609,20250818
S113156_21,0,0,0,0,0,0,1,20250609,20250818
S113156_14,0,0,0,0,0,1,0,20250609,20250818
S104774_32,1,1,1,1,1,0,0,20250520,20250608
S104774_21,0,0,0,0,0,0,1,20250520,20250608
S104774_14,0,0,0,0,0,1,0,20250520,20250608
S113182_32,1,1,1,1,1,0,0,20250609,20250818
S113182_21,0,0,0,0,0,0,1,20250609,20250818
S113182_14,0,0,0,0,0,1,0,20250609,20250818
S104775_32,1,1,1,1,1,0,0,20250520,20250608
S113183_32,1,1,1,1,1,0,0,20250609,20250818
S104776_15,1,1,1,1,1,0,0,20250520,20250608
S113184_15,1,1,1,1,1,0,0,20250609,20250818
S104777_32,1,1,1,1,1,0,0,20250520,20250608
S104777_21,0,0,0,0,0,0,1,20250520,20250608
S104777_14,0,0,0,0,0,1,0,20250520,20250608
S113185_32,1,1,1,1,1,0,0,20250609,20250818
S113185_21,0,0,0,0,0,0,1,20250609,20250818
S113185_14,0,0,0,0,0,1,0,20250609,20250818
S104778_32,1,1,1,1,1,0,0,20250520,20250608
S104778_21,0,0,0,0,0,0,1,20250520,20250608
S104778_14,0,0,0,0,0,1,0,20250520,20250608
S113186_32,1,1,1,1,1,0,0,20250609,20250818
S113186_21,0,0,0,0,0,0,1,20250609,20250818
S113186_14,0,0,0,0,0,1,0,20250609,20250818
S104779_15,1,1,1,1,1,0,0,20250520,20250608
S113187_15,1,1,1,1,1,0,0,20250609,20250818
S104780_32,1,1,1,1,1,0,0,20250520,20250608
S104780_21,0,0,0,0,0,0,1,20250520,20250608
S104780_14,0,0,0,0,0,1,0,20250520,20250608
S113188_32,1,1,1,1,1,0,0,20250609,20250818
S113188_21,0,0,0,0,0,0,1,20250609,20250818
S113188_14,0,0,0,0,0,1,0,20250609,20250818
S104781_21,0,0,0,0,0,0,1,20250520,20250608
S104781_32,1,1,1,1,1,0,0,20250520,20250608
S104781_14,0,0,0,0,0,1,0,20250520,20250608
S113189_21,0,0,0,0,0,0,1,20250609,20250818
S113189_32,1,1,1,1,1,0,0,20250609,20250818
S113189_14,0,0,0,0,0,1,0,20250609,20250818
S104093_21,0,0,0,0,0,0,1,20250520,20250608
S104093_32,1,1,1,1,1,0,0,20250520,20250608
S104093_14,0,0,0,0,0,1,0,20250520,20250608
S113205_21,0,0,0,0,0,0,1,20250609,20250818
S113205_32,1,1,1,1,1,0,0,20250609,20250818
S113205_14,0,0,0,0,0,1,0,20250609,20250818
S104094_21,0,0,0,0,0,0,1,20250520,20250608
S104094_32,1,1,1,1,1,0,0,20250520,20250608
S104094_14,0,0,0,0,0,1,0,20250520,20250608
S113206_32,1,1,1,1,1,0,0,20250609,20250818
S104095_21,0,0,0,0,0,0,1,20250520,20250608
S104095_32,1,1,1,1,1,0,0,20250520,20250608
S104095_14,0,0,0,0,0,1,0,20250520,20250608
S113207_32,1,1,1,1,1,0,0,20250609,20250818
S113207_21,0,0,0,0,0,0,1,20250609,20250818
S113207_14,0,0,0,0,0,1,0,20250609,20250818
S108606_32,1,1,1,1,1,0,0,20250520,20250608
S108606_21,0,0,0,0,0,0,1,20250520,20250608
S108606_14,0,0,0,0,0,1,0,20250520,20250608
S113208_21,0,0,0,0,0,0,1,20250609,20250818
S113208_32,1,1,1,1,1,0,0,20250609,20250818
S113208_14,0,0,0,0,0,1,0,20250609,20250818
S108607_32,1,1,1,1,1,0,0,20250520,20250608
S108607_21,0,0,0,0,0,0,1,20250520,20250608
S108607_14,0,0,0,0,0,1,0,20250520,20250608
S113209_32,1,1,1,1,1,0,0,20250609,20250818
S113209_21,0,0,0,0,0,0,1,20250609,20250818
S113209_14,0,0,0,0,0,1,0,20250609,20250818
S108608_32,1,1,1,1,1,0,0,20250520,20250608
S108608_21,0,0,0,0,0,0,1,20250520,20250608
S108608_14,0,0,0,0,0,1,0,20250520,20250608
S113210_32,1,1,1,1,1,0,0,20250609,20250818
S113210_21,0,0,0,0,0,0,1,20250609,20250818
S113210_14,0,0,0,0,0,1,0,20250609,20250818
S108609_15,1,1,1,1,1,0,0,20250520,20250608
S113211_15,1,1,1,1,1,0,0,20250609,20250818
S108000_32,1,1,1,1,1,0,0,20250520,20250608
S108000_21,0,0,0,0,0,0,1,20250520,20250608
S108000_14,0,0,0,0,0,1,0,20250520,20250608
S113226_32,1,1,1,1,1,0,0,20250609,20250818
S113226_21,0,0,0,0,0,0,1,20250609,20250818
S113226_14,0,0,0,0,0,1,0,20250609,20250818
S108002_32,1,1,1,1,1,0,0,20250520,20250608
S108002_21,0,0,0,0,0,0,1,20250520,20250608
S108002_14,0,0,0,0,0,1,0,20250520,20250608
S113227_32,1,1,1,1,1,0,0,20250609,20250818
S113227_21,0,0,0,0,0,0,1,20250609,20250818
S113227_14,0,0,0,0,0,1,0,20250609,20250818
S113249_32,1,1,1,1,1,0,0,20250609,20250818
S113249_14,0,0,0,0,0,1,0,20250609,20250818
S113250_32,1,1,1,1,1,0,0,20250609,20250818
S113250_14,0,0,0,0,0,1,0,20250609,20250818
S113251_32,1,1,1,1,1,0,0,20250609,20250818
S113251_14,0,0,0,0,0,1,0,20250609,20250818
S113252_32,1,1,1,1,1,0,0,20250609,20250818
S113252_21,0,0,0,0,0,0,1,20250609,20250818
S113252_14,0,0,0,0,0,1,0,20250609,20250818
S104274_15,1,1,1,1,1,0,0,20250520,20250608
S113304_15,1,1,1,1,1,0,0,20250609,20250818
S99290_15,1,1,1,1,1,0,0,20250520,20250608
S113305_15,1,1,1,1,1,0,0,20250609,20250818
S113743_473,1,1,1,1,1,0,0,20250520,20250524
S114745_473,1,1,1,1,1,0,0,20250525,20250818
S113744_473,1,1,1,1,1,0,0,20250520,20250524
S114746_473,1,1,1,1,1,0,0,20250525,20250818
S113742_473,1,1,1,1,1,0,0,20250520,20250524
S114747_473,1,1,1,1,1,0,0,20250525,20250818
S114348_473,1,1,1,1,1,0,0,20250520,20250524
S114748_473,1,1,1,1,1,0,0,20250525,20250818
S69350_358,1,1,1,1,1,0,0,20250520,20250607
S112845_369,0,0,0,0,0,1,0,20250608,20250818
S106689_15,1,1,1,1,1,0,0,20250520,20250608
S113724_15,1,1,1,1,1,0,0,20250609,20250818
S114194_32,1,1,1,1,1,0,0,20250520,20250608
S113725_32,1,1,1,1,1,0,0,20250609,20250818
S114195_15,1,1,1,1,1,0,0,20250520,20250608
S113726_15,1,1,1,1,1,0,0,20250609,20250818
S114196_32,1,1,1,1,1,0,0,20250520,20250608
S114196_13,1,1,1,1,1,0,0,20250520,20250608
S113727_32,1,1,1,1,1,0,0,20250609,20250818
S113727_13,1,1,1,1,1,0,0,20250609,20250818
S114197_15,1,1,1,1,1,0,0,20250520,20250608
S113728_15,1,1,1,1,1,0,0,20250609,20250818
S106697_15,1,1,1,1,1,0,0,20250520,20250608
S113729_15,1,1,1,1,1,0,0,20250609,20250818
S106692_32,1,1,1,1,1,0,0,20250520,20250608
S113730_32,1,1,1,1,1,0,0,20250609,20250818
S106695_32,1,1,1,1,1,0,0,20250520,20250608
S113731_32,1,1,1,1,1,0,0,20250609,20250818
S114198_32,1,1,1,1,1,0,0,20250520,20250608
S114198_13,1,1,1,1,1,0,0,20250520,20250608
S113732_32,1,1,1,1,1,0,0,20250609,20250818
S113732_13,1,1,1,1,1,0,0,20250609,20250818
S114199_15,1,1,1,1,1,0,0,20250520,20250608
S113733_15,1,1,1,1,1,0,0,20250609,20250818
S106698_32,1,1,1,1,1,0,0,20250520,20250608
S106698_14,0,0,0,0,0,1,0,20250520,20250608
S106698_13,1,1,1,1,1,0,0,20250520,20250608
S113734_32,1,1,1,1,1,0,0,20250609,20250818
S113734_14,0,0,0,0,0,1,0,20250609,20250818
S113734_13,1,1,1,1,1,0,0,20250609,20250818
S106699_32,1,1,1,1,1,0,0,20250520,20250608
S113735_32,1,1,1,1,1,0,0,20250609,20250818
S106700_32,1,1,1,1,1,0,0,20250520,20250608
S113736_32,1,1,1,1,1,0,0,20250609,20250818
S106702_15,1,1,1,1,1,0,0,20250520,20250608
S113738_15,1,1,1,1,1,0,0,20250609,20250818
S106703_32,1,1,1,1,1,0,0,20250520,20250608
S106703_14,0,0,0,0,0,1,0,20250520,20250608
S113739_32,1,1,1,1,1,0,0,20250609,20250818
S113739_14,0,0,0,0,0,1,0,20250609,20250818
S106704_32,1,1,1,1,1,0,0,20250520,20250608
S113740_32,1,1,1,1,1,0,0,20250609,20250818
S103525_21,0,0,0,0,0,0,1,20250520,20250608
S103525_32,1,1,1,1,1,0,0,20250520,20250608
S103525_14,0,0,0,0,0,1,0,20250520,20250608
S103525_13,1,1,1,1,1,0,0,20250520,20250608
S113751_21,0,0,0,0,0,0,1,20250609,20250818
S113751_32,1,1,1,1,1,0,0,20250609,20250818
S113751_14,0,0,0,0,0,1,0,20250609,20250818
S113751_13,1,1,1,1,1,0,0,20250609,20250818
S103526_15,1,1,1,1,1,0,0,20250520,20250608
S113752_15,1,1,1,1,1,0,0,20250609,20250818
S103527_15,1,1,1,1,1,0,0,20250520,20250608
S113753_15,1,1,1,1,1,0,0,20250609,20250818
S103528_15,1,1,1,1,1,0,0,20250520,20250608
S113754_15,1,1,1,1,1,0,0,20250609,20250818
S106655_32,1,1,1,1,1,0,0,20250520,20250608
S113774_32,1,1,1,1,1,0,0,20250609,20250818
S113774_13,1,1,1,1,1,0,0,20250609,20250818
S112996_32,1,1,1,1,1,0,0,20250520,20250608
S113775_32,1,1,1,1,1,0,0,20250609,20250818
S113488_32,1,1,1,1,1,0,0,20250609,20250818
S113488_21,0,0,0,0,0,0,1,20250609,20250818
S113488_14,0,0,0,0,0,1,0,20250609,20250818
S113616_32,1,1,1,1,1,0,0,20250609,20250818
S113617_15,1,1,1,1,1,0,0,20250609,20250818
S113618_32,1,1,1,1,1,0,0,20250609,20250818
S113619_15,1,1,1,1,1,0,0,20250609,20250818
S109626_21,0,0,0,0,0,0,1,20250520,20250608
S109626_32,1,1,1,1,1,0,0,20250520,20250608
S109626_14,0,0,0,0,0,1,0,20250520,20250608
S113620_21,0,0,0,0,0,0,1,20250609,20250818
S113620_32,1,1,1,1,1,0,0,20250609,20250818
S113620_14,0,0,0,0,0,1,0,20250609,20250818
S111135_15,1,1,1,1,1,0,0,20250520,20250608
S113621_15,1,1,1,1,1,0,0,20250609,20250818
S113622_32,1,1,1,1,1,0,0,20250609,20250818
S113622_21,0,0,0,0,0,0,1,20250609,20250818
S113622_14,0,0,0,0,0,1,0,20250609,20250818
S109630_32,1,1,1,1,1,0,0,20250520,20250608
S113623_15,1,1,1,1,1,0,0,20250609,20250818
S109632_21,0,0,0,0,0,0,1,20250520,20250608
S109632_32,1,1,1,1,1,0,0,20250520,20250608
S109632_14,0,0,0,0,0,1,0,20250520,20250608
S113624_32,1,1,1,1,1,0,0,20250609,20250818
S113624_21,0,0,0,0,0,0,1,20250609,20250818
S113624_14,0,0,0,0,0,1,0,20250609,20250818
S113625_15,1,1,1,1,1,0,0,20250609,20250818
S113626_15,1,1,1,1,1,0,0,20250609,20250818
S113628_15,1,1,1,1,1,0,0,20250609,20250818
S106707_15,1,1,1,1,1,0,0,20250520,20250608
S106707_32,1,1,1,1,1,0,0,20250520,20250608
S113665_15,1,1,1,1,1,0,0,20250609,20250818
S113665_32,1,1,1,1,1,0,0,20250609,20250818
S110221_15,1,1,1,1,1,0,0,20250520,20250608
S110221_32,1,1,1,1,1,0,0,20250520,20250608
S113666_15,1,1,1,1,1,0,0,20250609,20250818
S113666_32,1,1,1,1,1,0,0,20250609,20250818
S106604_32,1,1,1,1,1,0,0,20250520,20250608
S106604_14,0,0,0,0,0,1,0,20250520,20250608
S113667_32,1,1,1,1,1,0,0,20250609,20250818
S113667_14,0,0,0,0,0,1,0,20250609,20250818
S106605_32,1,1,1,1,1,0,0,20250520,20250608
S106605_14,0,0,0,0,0,1,0,20250520,20250608
S113668_32,1,1,1,1,1,0,0,20250609,20250818
S113668_14,0,0,0,0,0,1,0,20250609,20250818
S106606_15,1,1,1,1,1,0,0,20250520,20250608
S113669_15,1,1,1,1,1,0,0,20250609,20250818
S106607_32,1,1,1,1,1,0,0,20250520,20250608
S106607_14,0,0,0,0,0,1,0,20250520,20250608
S106607_13,1,1,1,1,1,0,0,20250520,20250608
S113670_32,1,1,1,1,1,0,0,20250609,20250818
S113670_14,0,0,0,0,0,1,0,20250609,20250818
S113670_13,1,1,1,1,1,0,0,20250609,20250818
S106608_15,1,1,1,1,1,0,0,20250520,20250608
S113671_15,1,1,1,1,1,0,0,20250609,20250818
S106609_15,1,1,1,1,1,0,0,20250520,20250608
S113672_15,1,1,1,1,1,0,0,20250609,20250818
S106610_32,1,1,1,1,1,0,0,20250520,20250608
S106610_14,0,0,0,0,0,1,0,20250520,20250608
S106610_13,1,1,1,1,1,0,0,20250520,20250608
S113673_32,1,1,1,1,1,0,0,20250609,20250818
S113673_14,0,0,0,0,0,1,0,20250609,20250818
S113673_13,1,1,1,1,1,0,0,20250609,20250818
S106611_15,1,1,1,1,1,0,0,20250520,20250608
S113674_15,1,1,1,1,1,0,0,20250609,20250818
S106612_15,1,1,1,1,1,0,0,20250520,20250608
S113675_15,1,1,1,1,1,0,0,20250609,20250818
S106613_32,1,1,1,1,1,0,0,20250520,20250608
S113676_32,1,1,1,1,1,0,0,20250609,20250818
S106614_32,1,1,1,1,1,0,0,20250520,20250608
S106614_13,1,1,1,1,1,0,0,20250520,20250608
S113677_32,1,1,1,1,1,0,0,20250609,20250818
S113677_13,1,1,1,1,1,0,0,20250609,20250818
S106615_15,1,1,1,1,1,0,0,20250520,20250608
S113678_15,1,1,1,1,1,0,0,20250609,20250818
S106616_15,1,1,1,1,1,0,0,20250520,20250608
S113679_15,1,1,1,1,1,0,0,20250609,20250818
S106617_15,1,1,1,1,1,0,0,20250520,20250608
S113680_15,1,1,1,1,1,0,0,20250609,20250818
S106618_15,1,1,1,1,1,0,0,20250520,20250608
S113681_15,1,1,1,1,1,0,0,20250609,20250818
S106603_14,0,0,0,0,0,1,0,20250520,20250608
S113682_14,0,0,0,0,0,1,0,20250609,20250818
S106619_15,1,1,1,1,1,0,0,20250520,20250608
S113683_15,1,1,1,1,1,0,0,20250609,20250818
S106620_32,1,1,1,1,1,0,0,20250520,20250608
S106620_13,1,1,1,1,1,0,0,20250520,20250608
S113684_32,1,1,1,1,1,0,0,20250609,20250818
S113684_13,1,1,1,1,1,0,0,20250609,20250818
S106621_15,1,1,1,1,1,0,0,20250520,20250608
S113685_15,1,1,1,1,1,0,0,20250609,20250818
S106622_15,1,1,1,1,1,0,0,20250520,20250608
S113686_15,1,1,1,1,1,0,0,20250609,20250818
S106602_14,0,0,0,0,0,1,0,20250520,20250608
S113687_14,0,0,0,0,0,1,0,20250609,20250818
S106623_15,1,1,1,1,1,0,0,20250520,20250608
S113688_15,1,1,1,1,1,0,0,20250609,20250818
S106210_32,1,1,1,1,1,0,0,20250520,20250608
S106210_13,1,1,1,1,1,0,0,20250520,20250608
S113633_32,1,1,1,1,1,0,0,20250609,20250818
S113633_13,1,1,1,1,1,0,0,20250609,20250818
S106211_15,1,1,1,1,1,0,0,20250520,20250608
S113634_15,1,1,1,1,1,0,0,20250609,20250818
S106212_32,1,1,1,1,1,0,0,20250520,20250608
S113635_32,1,1,1,1,1,0,0,20250609,20250818
S115263_32,1,1,1,1,1,0,0,20250520,20250608
S115263_21,0,0,0,0,0,0,1,20250520,20250608
S115263_14,0,0,0,0,0,1,0,20250520,20250608
S113486_21,0,0,0,0,0,0,1,20250609,20250818
S113486_32,1,1,1,1,1,0,0,20250609,20250818
S113486_14,0,0,0,0,0,1,0,20250609,20250818
S115264_15,1,1,1,1,1,0,0,20250520,20250608
S113487_15,1,1,1,1,1,0,0,20250609,20250818
S115265_32,1,1,1,1,1,0,0,20250520,20250608
S115265_21,0,0,0,0,0,0,1,20250520,20250608
S115265_14,0,0,0,0,0,1,0,20250520,20250608
S113308_32,1,1,1,1,1,0,0,20250609,20250818
S113308_21,0,0,0,0,0,0,1,20250609,20250818
S113308_14,0,0,0,0,0,1,0,20250609,20250818
S111503_15,1,1,1,1,1,0,0,20250520,20250608
S114508_15,1,1,1,1,1,0,0,20250609,20250818
S71081_15,1,1,1,1,1,0,0,20250520,20250608
S114509_15,1,1,1,1,1,0,0,20250609,20250818
S92512_15,1,1,1,1,1,0,0,20250520,20250608
S40900_15,1,1,1,1,1,0,0,20250520,20250608
S114512_15,1,1,1,1,1,0,0,20250609,20250818
S115266_32,1,1,1,1,1,0,0,20250520,20250608
S113605_32,1,1,1,1,1,0,0,20250609,20250818
S115267_32,1,1,1,1,1,0,0,20250520,20250608
S113606_32,1,1,1,1,1,0,0,20250609,20250818
S115268_32,1,1,1,1,1,0,0,20250520,20250608
S113607_32,1,1,1,1,1,0,0,20250609,20250818
S113607_13,1,1,1,1,1,0,0,20250609,20250818
S105354_32,1,1,1,1,1,0,0,20250520,20250608
S105355_32,1,1,1,1,1,0,0,20250520,20250608
S107439_32,1,1,1,1,1,0,0,20250520,20250608
S107439_21,0,0,0,0,0,0,1,20250520,20250608
S107439_14,0,0,0,0,0,1,0,20250520,20250608
S107439_10,0,0,0,0,1,0,0,20250520,20250608
S114892_32,1,1,1,1,1,0,0,20250609,20250818
S114892_21,0,0,0,0,0,0,1,20250609,20250818
S114892_14,0,0,0,0,0,1,0,20250609,20250818
S114892_10,0,0,0,0,1,0,0,20250609,20250818
S115269_15,1,1,1,1,1,0,0,20250520,20250608
S113608_15,1,1,1,1,1,0,0,20250609,20250818
S115270_32,1,1,1,1,1,0,0,20250520,20250608
S113609_32,1,1,1,1,1,0,0,20250609,20250818
S115271_32,1,1,1,1,1,0,0,20250520,20250608
S115271_13,1,1,1,1,1,0,0,20250520,20250608
S113610_32,1,1,1,1,1,0,0,20250609,20250818
S113610_13,1,1,1,1,1,0,0,20250609,20250818
S115272_32,1,1,1,1,1,0,0,20250520,20250608
S113611_32,1,1,1,1,1,0,0,20250609,20250818
S115273_32,1,1,1,1,1,0,0,20250520,20250608
S113612_32,1,1,1,1,1,0,0,20250609,20250818
S115274_15,1,1,1,1,1,0,0,20250520,20250608
S113613_15,1,1,1,1,1,0,0,20250609,20250818
T5059913,0,0,0,0,0,0,1,20250520,20250818
T5211174,0,0,0,0,0,1,0,20250520,20250818
T5211184,0,0,0,0,0,1,0,20250520,20250818
T5211192,0,0,0,0,0,1,0,20250520,20250818
T5211198,0,0,0,0,0,1,0,20250520,20250818
T5211203,0,0,0,0,0,1,0,20250520,20250818
T5211204,0,0,0,0,0,1,0,20250520,20250818
T5211210,0,0,0,0,0,1,0,20250520,20250818
T5211215,0,0,0,0,0,1,0,20250520,20250818
T5211295,1,1,1,1,1,0,0,20250520,20250818
T5211296,1,1,1,1,1,0,0,20250520,20250818
T5211297,1,1,1,1,1,0,0,20250520,20250818
T5211300,1,1,1,1,1,0,0,20250520,20250818
T5211302,1,1,1,1,1,0,0,20250520,20250818
T5211308,1,1,1,1,1,0,0,20250520,20250818
T5211317,1,1,1,1,1,0,0,20250520,20250818
T5211320,1,1,1,1,1,0,0,20250520,20250818
T5211341,1,1,1,1,1,0,0,20250520,20250818
T5211346,1,1,1,1,1,0,0,20250520,20250818
T5211350,1,1,1,1,1,0,0,20250520,20250818
T5211351,1,1,1,1,1,0,0,20250520,20250818
T5211454,0,0,0,0,0,0,1,20250520,20250818
T5211456,0,0,0,0,0,0,1,20250520,20250818
T5211464,0,0,0,0,0,0,1,20250520,20250818
T5211469,0,0,0,0,0,0,1,20250520,20250818
T5211475,0,0,0,0,0,0,1,20250520,20250818
T5211479,0,0,0,0,0,0,1,20250520,20250818
T5211480,0,0,0,0,0,0,1,20250520,20250818
T5211485,0,0,0,0,0,0,1,20250520,20250818
T5211490,0,0,0,0,0,0,1,20250520,20250818
T5211492,0,0,0,0,0,0,1,20250520,20250818
T5308657,0,0,0,0,0,0,1,20250520,20250608
T5308659,0,0,0,0,0,0,1,20250520,20250608
T5469482,1,1,1,1,1,0,0,20250520,20250818
T5469495,1,1,1,1,1,0,0,20250520,20250818
T5469514,1,1,1,1,1,0,0,20250520,20250818
T5469515,1,1,1,1,1,0,0,20250520,20250818
T5469536,1,1,1,1,1,0,0,20250520,20250818
T5469537,1,1,1,1,1,0,0,20250520,20250818
T5469547,1,1,1,1,1,0,0,20250520,20250818
T5469548,1,1,1,1,1,0,0,20250520,20250818
T5469594,0,0,0,0,0,0,1,20250520,20250818
T5469595,0,0,0,0,0,0,1,20250520,20250818
T5469602,0,0,0,0,0,0,1,20250520,20250818
T5469603,0,0,0,0,0,0,1,20250520,20250818
T5469611,0,0,0,0,0,0,1,20250520,20250818
T5469619,0,0,0,0,0,0,1,20250520,20250818
T5469620,0,0,0,0,0,0,1,20250520,20250818
T5469636,0,0,0,0,0,0,1,20250520,20250818
T5469637,0,0,0,0,0,0,1,20250520,20250818
T5469699,1,1,1,1,1,0,0,20250520,20250818
T5469707,1,1,1,1,1,0,0,20250520,20250818
T5469712,1,1,1,1,1,0,0,20250520,20250818
T5469713,1,1,1,1,1,0,0,20250520,20250818
T5469721,1,1,1,1,1,0,0,20250520,20250818
T5469731,1,1,1,1,1,0,0,20250520,20250818
T5469745,1,1,1,1,1,0,0,20250520,20250818
T5469778,0,0,0,0,0,1,0,20250520,20250818
T5469786,0,0,0,0,0,1,0,20250520,20250818
T5469819,0,0,0,0,0,1,0,20250520,20250818
T5469820,0,0,0,0,0,1,0,20250520,20250818
T5469827,0,0,0,0,0,1,0,20250520,20250818
T5469835,0,0,0,0,0,1,0,20250520,20250818
T5469841,0,0,0,0,0,0,1,20250520,20250818
T5469854,0,0,0,0,0,0,1,20250520,20250818
T5469855,0,0,0,0,0,0,1,20250520,20250818
T5469868,0,0,0,0,0,0,1,20250520,20250818
T5469874,0,0,0,0,0,0,1,20250520,20250818
T5469881,0,0,0,0,0,0,1,20250520,20250818
T5469888,0,0,0,0,0,0,1,20250520,20250818
T5469894,0,0,0,0,0,0,1,20250520,20250818
T5469941,1,1,1,1,1,0,0,20250520,20250818
T5469942,1,1,1,1,1,0,0,20250520,20250818
T5469950,1,1,1,1,1,0,0,20250520,20250818
T5469955,1,1,1,1,1,0,0,20250520,20250818
T5469957,1,1,1,1,1,0,0,20250520,20250818
T5469964,1,1,1,1,1,0,0,20250520,20250818
T5469967,1,1,1,1,1,0,0,20250520,20250818
T5469973,1,1,1,1,1,0,0,20250520,20250818
T5469975,1,1,1,1,1,0,0,20250520,20250818
T5469981,1,1,1,1,1,0,0,20250520,20250818
T5469987,1,1,1,1,1,0,0,20250520,20250818
T5469989,1,1,1,1,1,0,0,20250520,20250818
T5469995,1,1,1,1,1,0,0,20250520,20250818
T5470004,1,1,1,1,1,0,0,20250520,20250818
T5470011,1,1,1,1,1,0,0,20250520,20250818
T5470012,1,1,1,1,1,0,0,20250520,20250818
T5470019,0,0,0,0,0,1,0,20250520,20250818
T5470021,0,0,0,0,0,1,0,20250520,20250818
T5470029,0,0,0,0,0,1,0,20250520,20250818
T5470031,0,0,0,0,0,1,0,20250520,20250818
T5470042,0,0,0,0,0,1,0,20250520,20250818
T5470048,0,0,0,0,0,1,0,20250520,20250818
T5470054,0,0,0,0,0,1,0,20250520,20250818
T5470060,0,0,0,0,0,1,0,20250520,20250818
T5470062,0,0,0,0,0,1,0,20250520,20250818
T5470068,0,0,0,0,0,1,0,20250520,20250818
T5470070,0,0,0,0,0,1,0,20250520,20250818
T5470077,0,0,0,0,0,1,0,20250520,20250818
T5470083,0,0,0,0,0,0,1,20250520,20250818
T5470084,0,0,0,0,0,0,1,20250520,20250818
T5470085,0,0,0,0,0,0,1,20250520,20250818
T5470092,0,0,0,0,0,0,1,20250520,20250818
T5470096,0,0,0,0,0,0,1,20250520,20250818
T5470098,0,0,0,0,0,0,1,20250520,20250818
T5470104,0,0,0,0,0,0,1,20250520,20250818
T5470109,0,0,0,0,0,0,1,20250520,20250818
T5470116,0,0,0,0,0,0,1,20250520,20250818
T5470121,0,0,0,0,0,0,1,20250520,20250818
T5470123,0,0,0,0,0,0,1,20250520,20250818
T5470128,0,0,0,0,0,0,1,20250520,20250818
T5470133,0,0,0,0,0,0,1,20250520,20250818
T5470135,0,0,0,0,0,0,1,20250520,20250818
T5470207,1,1,1,1,1,0,0,20250520,20250818
T5470209,1,1,1,1,1,0,0,20250520,20250818
T5470210,1,1,1,1,1,0,0,20250520,20250818
T5470220,1,1,1,1,1,0,0,20250520,20250818
T5470221,1,1,1,1,1,0,0,20250520,20250818
T5470229,1,1,1,1,1,0,0,20250520,20250818
T5470231,1,1,1,1,1,0,0,20250520,20250818
T5470238,1,1,1,1,1,0,0,20250520,20250818
T5470239,1,1,1,1,1,0,0,20250520,20250818
T5470240,1,1,1,1,1,0,0,20250520,20250818
T5470241,1,1,1,1,1,0,0,20250520,20250818
T5470249,1,1,1,1,1,0,0,20250520,20250818
T5470250,1,1,1,1,1,0,0,20250520,20250818
T5470251,1,1,1,1,1,0,0,20250520,20250818
T5470259,1,1,1,1,1,0,0,20250520,20250818
T5470262,1,1,1,1,1,0,0,20250520,20250818
T5470264,1,1,1,1,1,0,0,20250520,20250818
T5470272,1,1,1,1,1,0,0,20250520,20250818
T5470273,1,1,1,1,1,0,0,20250520,20250818
T5470274,1,1,1,1,1,0,0,20250520,20250818
T5470275,1,1,1,1,1,0,0,20250520,20250818
T5470310,0,0,0,0,0,0,1,20250520,20250818
T5470312,0,0,0,0,0,0,1,20250520,20250818
T5470318,0,0,0,0,0,0,1,20250520,20250818
T5470320,0,0,0,0,0,0,1,20250520,20250818
T5470321,0,0,0,0,0,0,1,20250520,20250818
T5470328,0,0,0,0,0,0,1,20250520,20250818
T5470330,0,0,0,0,0,0,1,20250520,20250818
T5470337,0,0,0,0,0,0,1,20250520,20250818
T5470343,0,0,0,0,0,0,1,20250520,20250818
T5470345,0,0,0,0,0,0,1,20250520,20250818
T5470346,0,0,0,0,0,0,1,20250520,20250818
T5470352,0,0,0,0,0,0,1,20250520,20250818
T5470354,0,0,0,0,0,0,1,20250520,20250818
T5470359,0,0,0,0,0,0,1,20250520,20250818
T5470361,0,0,0,0,0,0,1,20250520,20250818
T5470362,0,0,0,0,0,0,1,20250520,20250818
T5470379,1,1,1,1,1,0,0,20250520,20250818
T5470385,1,1,1,1,1,0,0,20250520,20250818
T5470435,1,1,1,1,1,0,0,20250520,20250818
T5470441,1,1,1,1,1,0,0,20250520,20250818
T5470451,0,0,0,0,0,0,1,20250520,20250818
T5470470,0,0,0,0,0,0,1,20250520,20250818
T5470483,0,0,0,0,0,0,1,20250520,20250818
T5470491,0,0,0,0,0,0,1,20250520,20250818
T5470497,0,0,0,0,0,0,1,20250520,20250818
T5470538,0,0,0,0,0,1,0,20250520,20250818
T5470554,1,1,1,1,1,0,0,20250520,20250818
T5470557,1,1,1,1,1,0,0,20250520,20250818
T5470558,1,1,1,1,1,0,0,20250520,20250818
T5470559,1,1,1,1,1,0,0,20250520,20250818
T5470560,1,1,1,1,1,0,0,20250520,20250818
T5470561,0,0,0,0,0,0,1,20250520,20250818
T5470564,0,0,0,0,0,0,1,20250520,20250818
T5470567,0,0,0,0,0,0,1,20250520,20250818
T5470571,0,0,0,0,0,1,0,20250520,20250818
T5470572,0,0,0,0,0,1,0,20250520,20250818
T5470575,0,0,0,0,0,1,0,20250520,20250818
T5470576,0,0,0,0,0,1,0,20250520,20250818
T5470578,0,0,0,0,0,1,0,20250520,20250818
T5470585,1,1,1,1,1,0,0,20250520,20250818
T5470595,0,0,0,0,0,0,1,20250520,20250818
T5470608,1,1,1,1,1,0,0,20250520,20250818
T5470609,1,1,1,1,1,0,0,20250520,20250818
T5470611,1,1,1,1,1,0,0,20250520,20250818
T5470613,0,0,0,0,0,0,1,20250520,20250818
T5470615,0,0,0,0,0,0,1,20250520,20250818
T5470618,0,0,0,0,0,0,1,20250520,20250818
T5470622,0,0,0,0,0,1,0,20250520,20250818
T5470623,0,0,0,0,0,1,0,20250520,20250818
T5470625,0,0,0,0,0,1,0,20250520,20250818
T5470627,0,0,0,0,0,1,0,20250520,20250818
T5470628,0,0,0,0,0,1,0,20250520,20250818
T5470647,0,0,0,0,0,1,0,20250520,20250818
T5470686,0,0,0,0,0,1,0,20250520,20250818
T5470766,1,1,1,1,1,0,0,20250520,20250818
T5470767,1,1,1,1,1,0,0,20250520,20250818
T5470774,1,1,1,1,1,0,0,20250520,20250818
T5470785,1,1,1,1,1,0,0,20250520,20250818
T5470790,1,1,1,1,1,0,0,20250520,20250818
T5470792,1,1,1,1,1,0,0,20250520,20250818
T5470797,1,1,1,1,1,0,0,20250520,20250818
T5470805,1,1,1,1,1,0,0,20250520,20250818
T5470816,1,1,1,1,1,0,0,20250520,20250818
T5470828,1,1,1,1,1,0,0,20250520,20250818
T5470831,1,1,1,1,1,0,0,20250520,20250818
T5470842,1,1,1,1,1,0,0,20250520,20250818
T5470867,0,0,0,0,0,0,1,20250520,20250818
T5470875,0,0,0,0,0,0,1,20250520,20250818
T5470882,0,0,0,0,0,0,1,20250520,20250818
T5470885,0,0,0,0,0,0,1,20250520,20250818
T5470896,0,0,0,0,0,0,1,20250520,20250818
T5470899,0,0,0,0,0,0,1,20250520,20250818
T5470903,0,0,0,0,0,0,1,20250520,20250818
T5470910,0,0,0,0,0,0,1,20250520,20250818
T5471017,0,0,0,0,0,0,1,20250520,20250818
T5471027,0,0,0,0,0,0,1,20250520,20250818
T5471036,0,0,0,0,0,0,1,20250520,20250818
T5471045,0,0,0,0,0,0,1,20250520,20250818
T5471049,1,1,1,1,1,0,0,20250520,20250818
T5471050,1,1,1,1,1,0,0,20250520,20250818
T5471053,1,1,1,1,1,0,0,20250520,20250818
T5471055,1,1,1,1,1,0,0,20250520,20250818
T5471057,1,1,1,1,1,0,0,20250520,20250818
T5471059,1,1,1,1,1,0,0,20250520,20250818
T5471544,1,1,1,1,1,0,0,20250520,20250818
T5471553,1,1,1,1,1,0,0,20250520,20250818
T5471559,1,1,1,1,1,0,0,20250520,20250818
T5472361,0,0,0,0,0,0,1,20250520,20250818
T5472366,0,0,0,0,0,0,1,20250520,20250818
T5472378,0,0,0,0,0,0,1,20250520,20250818
T5472384,0,0,0,0,0,0,1,20250520,20250818
T5472392,0,0,0,0,0,0,1,20250520,20250818
T5472406,0,0,0,0,0,0,1,20250520,20250818
T5472412,0,0,0,0,0,0,1,20250520,20250818
T5472651,0,0,0,0,0,0,1,20250520,20250818
T5472655,0,0,0,0,0,0,1,20250520,20250818
T5472669,0,0,0,0,0,0,1,20250520,20250818
T5472683,0,0,0,0,0,0,1,20250520,20250818
T5472696,0,0,0,0,0,0,1,20250520,20250818
T5627981,0,0,0,0,0,0,1,20250520,20250818
T5627982,0,0,0,0,0,0,1,20250520,20250818
T5627983,0,0,0,0,0,0,1,20250520,20250818
T5627984,0,0,0,0,0,0,1,20250520,20250818
T5627985,0,0,0,0,0,0,1,20250520,20250818
T5627986,0,0,0,0,0,0,1,20250520,20250818
T5627987,0,0,0,0,0,0,1,20250520,20250818
T5627991,0,0,0,0,0,0,1,20250520,20250818
T5627992,0,0,0,0,0,0,1,20250520,20250818
T5627993,0,0,0,0,0,0,1,20250520,20250818
T5627994,0,0,0,0,0,0,1,20250520,20250818
T5627995,0,0,0,0,0,0,1,20250520,20250818
T5627996,0,0,0,0,0,0,1,20250520,20250818
T5627997,0,0,0,0,0,0,1,20250520,20250818
T5628038,0,0,0,0,0,0,1,20250520,20250818
T5628039,0,0,0,0,0,0,1,20250520,20250818
T5628040,0,0,0,0,0,0,1,20250520,20250818
T5628041,0,0,0,0,0,0,1,20250520,20250818
T5628042,0,0,0,0,0,0,1,20250520,20250818
T5628043,0,0,0,0,0,0,1,20250520,20250818
T5628044,0,0,0,0,0,0,1,20250520,20250818
T5628049,0,0,0,0,0,0,1,20250520,20250818
T5628050,0,0,0,0,0,0,1,20250520,20250818
T5628051,0,0,0,0,0,0,1,20250520,20250818
T5628052,0,0,0,0,0,0,1,20250520,20250818
T5628053,0,0,0,0,0,0,1,20250520,20250818
T5628054,0,0,0,0,0,0,1,20250520,20250818
T5628055,0,0,0,0,0,0,1,20250520,20250818
T5628643,0,0,0,0,0,0,1,20250520,20250818
T5628644,0,0,0,0,0,0,1,20250520,20250818
T5628645,0,0,0,0,0,0,1,20250520,20250818
T5628646,0,0,0,0,0,0,1,20250520,20250818
